Muhammad Syah;"YTH BPK MENDIKBUD:Mohon izin menyampaikan :Terima kasih atas banyak kebijakan Penggunaan Dana BOS di masa Covid 19. Terutama  memberi kebebasan pada sekolah yg bersangkutan dlm perencanaan dan penggunaan dana Bos. Tentunya tetap memenuhi standar Prioritas, dan transparan dan akuntabel. Di samping utk kegiatan/kelengkapan antisipasi penyebaran Covid, tentu anggaran UTK PBM skala prioritas. Termasuk penggunaan 50% utk Pembayaran tenaga honor. HANYA SAJA YG JADI KELUHAN KAMI ORANGTUA MURID, KHUSUS SEKOLAH SLTA NEGERI, MENGAPA MASIH DI BERANI DENGAN KEWAJIBAN MEMBAYAR UANG WAJIB BULANAN /SPP SA'AT PANDEMI DAN EKONOMI SULIT?? ??Tentunya ini memberatkan dan menambah beban derita masyarakat. Yang pasti sampai sa'at ini. Utk dana bos Mekanisme perencanaan penggunaan, Apalagi laporan realisasi penggunaan TIDAK TRANSPARAN Kepada Guru, Komite sekolah apalagi Masyarakat. MOHON SOLUSINYA PAK MENTERI. TERKHUSUS SLTA NEGERI YG SAYA SAMPAIKAN. ARTINYA PRILAKU SEKOLAH TDK MENUTUP KEMUNGKINAN DINAS TERKAIT MEMBERLAKUKAN. PUNGUTAN YANG TIDAK BERUBAH BAIK SDH ADA KEBIJAKAN PAK MENTERI, MAUPUN SEBELUM ADA KEBIJAKAN BARU. KELAKUKAN YANG DI PERBUAT SAMA SAJA ""CENDERUNG KE ARAH PUNGLI BULANAN DENGAN DALIH SPP"". Mohon di SIKAPI  PAK MENTERI ATAS PRILAKU DAN MORALITAS PARA PEMANGKU TERKAIT. TERIMA KASIH.";Negatif;;2020-11-10T13:21:05Z
rere tv;Yg jadi masalah berikutnya anak2 sekampoong pd ga bisa tidoor mas jam 2 ato jam 3 malem mereka baru bisa tidorrr & itu terjadi sama anak2 juga yg masih TK bisa tidur jam 12 malem.. karena mereka kurang ada kegiatan & kurang mikirrr buat belajar g seperti biasanya ,gmn tuh ?? Udah w saranin buat larii2 ,maen ,olah raga udah pd bosyenn katanya.. Gw aja yg tua bnyk kegiatan udh capek masih susahh tidur apalgi mereka ..?? Jadi binguung deh suruh ngapain;negatif;;2020-11-07T22:41:20Z
muhammad ardhi;"Yang salah tu yg nunjuk dia jadi mentri pendidikan,gak punya pengalaman dan ilmu yg mumpuni sbg Mentri ""Pendidikan"" itu sangat berat harus org yg punya pengalaman/atau yg udh lama berkecimpung di bidang pendidikan dan ilmu yg mumpuni.\nHarusnya dia lebih cocok mentri perhubungan atau semacamnya..";negatif;;2020-10-13T02:34:15Z
Cik Pelikelilik;Yang dilihat cuman yang di Kota, MAAF KITA YANG DIDESA DI LIHAT GAK?.... JANGAN AMBIL SAMPLE 1 2 3 SAJA KALAU MEMANG NIAT LIHAT SEMUA NYA.;negatif;;2020-09-28T05:54:36Z
MIXBOT OFFICIAL;YANG ADA PADA MABAR MAIN GAME KALO DI RUMAH MULU;negatif;;2020-09-24T03:30:55Z
Adinda Rizky Aprilia;Ya Allah , semoga sekolahan mau melaksanakan kurikulum darurat yang dianjurkan kemendikbud , uda nggak tahan belajar di rumah dengan sistem kurikulum lama , uda hanya dikasih tugas aja tanpa diterangkan , tugasnya pun nggak toleran;Negatif;;2020-09-01T13:00:45Z
Suseno Eno;Untuk Tes Umptn gimana mas bro??;Negatif;;2020-07-27T13:29:58Z
Bang Yan Official;Tidak cocok jd mentri pendidikan....turun aja elo;negatif;;2020-07-21T15:48:58Z
Arihana Khairunisa;Tidak adakah kompensasi untuk pembayaran spp untuk sekolah swasta pak?belajar drumah, spp, iuran UTS + PTS bayar 100%,pdhl keadaan pemasukan bulanan hanya 40%??;Negatif;;2020-07-14T06:30:12Z
muhammad amdad;Tidak Ada Wabah Selain Korupsi\nJadi untuk pendidikan mending di tatap muka aja orang flu aja dirapid bisa kena jadi covid kan ngga masuk akal :v;negatif;;2020-07-13T17:00:32Z
Raif Umbara;this is not normal;negatif;;2020-11-02T03:24:03Z
Malik Abstractical;the real krisis pendidikan.\nbanyak anak-anak era sekarang gara gara gak sekolah /belajar daring jadi banyak masalah dan polemik;negatif;;2020-07-11T18:48:27Z
popon nurhayati;Tatap muka di rindukan.;Negatif;;2020-07-08T08:47:21Z
Syaeful Ruhyat Tv;tai lah kantin saya di kampus sepi gak ada pemasukan,percuma bantuanpun gak guna,karena biaya hidup tinggi.... sue bikin org nambah susah aza;Negatif;;2020-07-06T06:21:43Z
MITA ANDINI;Smk swasta bi lek\ngda tugas ,gda materi tetepp bayar slurrrrr;negatif;;
Saepul Anwar;sialan dah;negatif;;2020-06-21T07:43:36Z
Slow Present;Serba salah emang , tapi melihat sitkon pergerakan mahasiswa itu luas dan beresiko terkena covid 19;Negatif;;2020-06-19T03:41:31Z
Suharti Srengat;Semoga situasi cepat aman,karena memang pendidikan pjj,sangatlah sulit terutama untuk peserta didik dan pendidik.anak didaerah sudah mulai bosan dirumah....;Negatif;;2020-06-18T19:22:28Z
lenitah jaya;Semoga covid-19  cepat berakhir dan sekolah kembali belajar seperti biasa krn belajar masa covid ini jika lebih lama takutbya anak2 atau siswa2 bukannya lebih pintar malah lebih males dan tdk mendapatkan pelajaran yg baik.;Negatif;;2020-06-17T00:21:53Z
Roman Arseta;Sekolah online...udah cukup...sekarang waktu nya sekolah mulai KBM nya.\nWoiiii !!!!! Sadar diri...tidak semua siswa - siswi itu mampu beli kuota tiap hari dan gk semua memiliki handphone smart serta gk semua ada wilayah yg jelas dan jernih jaringannya tanpa ternganggu.\nOrang klo gk kompeten di pendidikan...mendingan mundur.;negatif;;2020-06-16T04:33:17Z
Denny Andrianto;sekolah langsung aja bnyak yg bodoh gak faham...apalagi sekolah online...sekolah online google lebih pintar dari guru....guru bisa membaca karakter,membentuk karakter siswa...kalau online gimana bisa guru membaca karakter siswa...;negatif;;2020-06-15T17:02:52Z
Revaldy Erixson;Sekolah itu tidak penting, semua ada di google;negatif;;2021-03-13T06:44:27Z
SevenTv Channel;Sekolah ditutup, pasar dibuka, mall dibuka. Efek ke anak-anak?? Mereka hancur secara mental yg akan mempengaruhi karakter kejiwaan mereka. Mentri pendidikan sangat kurang bijak....\nSedangkan di Taiwan Sekolah dibuka dan siswa-siswanya diajarkan protokol kesehatan yang ketat...\nMending Ngurus GO-JEK aja deh pak... \n??????;negatif;;2021-03-09T17:35:35Z
Eddynoor Kholis;Sekolah di libur kan.  Membuat orang susah tambah susah. Pariwisata di buka membuat orang kaya bersenang-senang. mementingkan pendapatan negara daripada pendidikan bangsa;negatif;;2021-03-05T02:56:37Z
RAFL;Saya smp sekolah daring tidak ada pengurangan biaya sama sekali padahal fasilitas sekolah tidak dipakai, sy ditagih bayar spp bulan 300 ribu sama buku 800 ribu ditagih terus tapi orang tua sy gak punya uang Trus yg kasian ini orang tua sy malah ngutang2, gurupun cuma ngasih tugas.. Ilmu pun sy dapat dari google bukan sekolah...;negatif;;2021-03-05T02:54:07Z
Siti Aisyah;Saya seorang ibu muda. Anak saya umur 4th. Tahun ini masuk TK A. Kalau sekolah nya daring menurut saya itu banyak susahnya. Susah hati. Anak2 pasti butuh bertemu guru. Anak2 butuh bertemu teman. Anak2 lebih segan saat di ajar guru...lebih percaya yg di ajarkan guru...;negatif;;2021-02-25T07:07:03Z
Lingkung Seni Santri Kalijaga;Saya pribadi lebih setuju pembelajaran di tahun ajaran baru secara tatap muka, biar pun harus menerapkan protokol kesehatan yang ketat. Karena pembelajaran secara daring dengan keadaan kita sekarang ditinjau dari segala aspek tidk bakal efektif dan efisien. \n\nKalau memang tidak ingin ada pembelajaran secara tatap muka untuk tahun ajaran baru, pendidikan akan dibuka kembali Januari 2021 maka lebih baik tangguhkan tahun ajaran yang baru sekalian! Nanti saja sekalian dimulainya awal tahun 2021. Juli sampai Desember siapkan protokol kesehatan yang benar2 tepat untuk tahun ajaran baru. Selama itu pula kondisikan pendidik dan tenaga kependidikan di semua tingkatan agar betul2 siap menjalankan pola normal baru pendidikan. \n\nTATAP MUKA ANTAR PENDIDIK DAN PESERTA DIDIK ITU HAL UTAMA! JIKA TIDAK, BAGAIMANA BISA TERBANGUN IKATAN BATIN ANTARA PENDIDIK DAN PESERTA DIDIK? INGAT, PENDIDIKAN BUKAN SEKEDAR TRANSFER ILMU TAPI PEMBANGUNAN MENTALITAS DAN AKHLAK. DAN ITU TAKKAN BISA TERJADI TANPA TATAP MUKA ANTARA PENDIDIK DAN PESERTA DIDIK! PEMBELAJARAN DI PENDIDIKAN TINGGI SEKALI PUN PAK MENTRI!;Negatif;;2021-02-23T15:22:29Z
Nadya Syifani;Saya ibu dari anak TK , sangat terbebani dgn  adanya daring ini. Guru2 hanya memberi tugas, tanpa adanya penjelasan, padahal anak TK harus dijelaskan dulu baru dia mengerti. Tp dgn adanya daring ini sangat tidak membantu dan sangat merugikan pihak wali murid dan muridnya. Dimana kita harus bayar sekolah full, tp sistem pelajaran sangat tidak efektif. Kita harus bayar sekolah full tp anak kita masih tidak bisa paham betul apa yang dia kerjakan. Dan yang ditakutkan jika besok masuk ke SD anak masih belum bisa menerima materi. Sistem ini benar2 merugikan kami.;negatif;;2021-02-23T15:22:13Z
Muhammad Safiudin;Saya gak setuju sekolah online karena banyak siswa siswi dan mahasiswa kebanyakan tidak belajar dengan normal\nDan banyak orang tua yang tidak mempunyai biaya untuk membeli paket kuota;negatif;;2021-02-06T02:20:33Z
Binangkit Puspa;Saya ga mengerti kalau ga tatap muka;negatif;;2021-02-05T06:40:58Z
Derrytatangs;"Sarapan pagi kali ini setiap murid, cek notif line setiap pagi full tugas dengan deadline yang terbatas waktunya.. ketinggalan sedikit alfa, gimana yang kuotanya habis bambang:"") Indonesia bukan negara maju bang, pelan pelan dong perubahan nya jangan langsung loncat anak tangga perubahan";negatif;;2021-02-01T05:47:08Z
Kim GezYam;Sangat bahaya pak zona kuning di perbolehkan tatap muka. Selaku wali murid dari 3 anak saya masih mampu pak jadi pengganti guru di sekolah;negatif;;2021-01-31T07:59:58Z
tri joko;"sama komen nya dg sdr Irvan Budi : Lapor pak menteri. Guru"" disekolah saya cuma ngasih tugas tapi ga ngasih materi. Tolong pak menteri ditindaklanjuti.. kita juga butuh ngerti pelajarannya. Bukan hanya tugas"" saja. Kita siswa sudah cukup lelah dengan tugas"" saja pak, tanpa ngerti materinya. Semoga ditindak lanjuti ya pak.. kalo di perhatikan itu Guru Arogan Ngasi Penjelasannya,,, menurut saya malah bikin murid takut akan bertanya,,.. seharusnya seorang guru itu mengayomi dan bisa ambil hati anak didiknya... ini malah berbalik...tolong di tindak lanjuti guru yg seperti itu bapak menteri,,. trima kasih. wasalam";Negatif;;2021-01-25T06:19:01Z
Fakhrezza jhalal;Sakarepmu riem kariem!mahasiswa kritik kbijakn lo n ksh solusi jg gak dipakai!para elit politik praktisi pndidikan kritik kbijakn lo dibilang kadrun,trus ada wrga yg blng bsanya cm kritik gak bs ksh solusi!hello emang pejabat skrg pd bs dkritik!?lo hnya mikirin masyarakt yg ada dikota,pikir daerah2 kepulauan jangan seenaknya sndiri riem kariem!!yg didaerah kbnyakn jual hsl kbun sawah tp hrgnya anjlok,dan bnyak yg krj srabutan jg,hrs mikirin buat beli kuota beli hp android,3anak hrs pnya hp sndiri2+kuota.!mski bs beli hp+kuota tp bner2 bkin pontang panting krn kbijakn lo kariem!!;negatif;;2021-01-21T07:52:54Z
Adidzar 26;Rip dunia pendidikan;negatif;;2021-01-14T05:02:15Z
Ariel Palayukan;Pusing kami mahasiswa seni kesulitan banget buat dapetin bahan dan alat gambar;negatif;;2021-01-09T03:45:34Z
Halimah Diah;pk kenapa dana bantuan buat guru honorer anak sy sendiri tdk dapat bantuan dia honor di sma negri l pakam kab deli serdang .kebetulan di buat data podiknya dua sakmingkalnya di pkbm ceria gemilang lpakam .mereka monipulasi data anak sy tampa  sepengetshuan anak sy jd sy komplen ke dinas;Negatif;;2021-01-02T03:29:48Z
Rusuh Boy;Pikir mata dong;negatif;;2021-01-01T16:48:14Z
wel alja;Penguatan self learning utk andragogy itu penyiapan..by jutuh lab..baik lab buatan maupun lab alam.. Sehari semalam cm duapiluh empat jam..bro waktu yg pas utk didepan hp atau pandangan dekat agar mata dan organ lain masih bs kejar ayam jago diusia kepala empat.. Buang waktu yg banyak kli ahli politik bermain..to ahli ilmu butuh kesigapan merumuskan aturan yg bs fleksi utk semua situasi..yang susah adalah asesment directly..bukan beli kucing dlm karung Tantangan terhebat inovasi bagi ahli pendidikan... Kendala e learning ke depan adalah mata usia tujuh belas tahun ke depan bakal rabun senja diusia tujuh belasan;Negatif;;2020-12-16T07:35:23Z
agus nugroho;pendidikan via online dan dari rumah, tapi biaya sekolah masih terus dan sama besarnya,, jujur itu cukup membeban kn bg orang tua, karna harus mencukupi paket data anak dan masih mikir biaya sekolah,,;negatif;;2020-12-16T07:34:52Z
Agung Prihantoro;"Pembelajaran daring memang menjadi alternatif. Namun, kita perlu cermat dengan MITOS PEMBELAJARAN DARING, hasil penelitian Heather Fielding (2016), jauh sebelum hawar Covid-19, ""'Any time, any place'. The myth of universal access and the semiprivate space of online education"".";Negatif;;2020-12-16T07:32:45Z
Tania Wijaya07;"Pak,saya dr sjk sklhin ank.ank"" murid sllu mngeluh dskolah guru td prnh mnjlskn materi.msuk kls langsung srh krjain tgas.bgaimana ank""bs mngerti dn phm ttng pljaran dn mteri ...pjj pun jg tnpa djlsin ngsal sruh lsng ngsih tgas ..ini sngt bnar""mnjdi msalah srius.msak ank""hrs nanya gogel.apalah arti sklah slma 6thn.ank sy pintar tmbh ilmu ngandelin les di luar....tolong pak...ditinjau kmbali guru""skrng.wlaupun    diluar sklh lain sy jg tdk th.apakh sm sprti yg ank""sy almi slma ini.trimksih";Negatif;;2020-12-16T07:27:04Z
dave morgan;"Pak nadiem ga ush jauh"" diskus ke mendikbud luar negeri.. Coba discuss sma NU n MUHAMMADIYAH cari solusi, , n pakar"" pendidikan dalam negeri untuk musywarah mufakkat.. Cobalah pak bikin conference press di masyarakat"", kampus"",. Tapi kenyataan dilapangan semakin rumit, ekonomi mikro sedang carut marut, Revolusi kalau tidak mncerdaskan kehidupan bangsa.. sebaiknya dipertimbngkn trlebih dahulu.. Saya support pak nadiem.. Terima kasih wasslm. Wr. Wb";negatif;;2020-12-03T00:42:59Z
Tri laksono;Pak Mentri kapan tatap mukanya?\nKalo daring trusss\nKost an saya nggak laku, usaha loundry tutup, warmindo tutup, foto copy  tutup, pikirkanlah dampaknya pak Mentri.\nKita yg bergerak di usaha kost-kostan................\n..........................;Negatif;;2020-12-02T05:14:11Z
??Arjuna yoshinobu;Pak menteri, tolong lihat negara2 yg lbh byk coronanya tp anak2 sekolah tdk mesti belajar online. Jangan nanti generasi kita dikutuk oleh generasi penerus kita bahwa generasi kita jd generasi paling kejam& jd generasi penghianat bangsa. Trims;negatif;;2020-12-01T23:47:10Z
Nien Tustrini;Pak Menteri saya harap sekolah tatap muka segera terealisasi karena takutnya ada pembodohan massal karena PJJ kurang optimal...????kasian orangtuanya yg kurang memahami pembelajaran sehingga anaknya dibiarkan tidak mengikuti pembelajaran.;Negatif;;2020-11-30T23:10:42Z
Awank pratama;pak generasi udah ga ada akhlak sumpeh;negatif;;2020-11-28T03:06:41Z
Sugimin Nurkamsiatun;Pak  mentri belajar sd smp slta kenyataan online kurang maksimal utk paud sampai slta umpama kenaikan kelas diundur satu semester atau ditambah waktu 6  bln agar kekurangan pelajaran dapat dipenuhi. Mohon maaf;Negatif;;2020-11-23T07:31:52Z
anggie oliv;Omong Kosong !!!;Negatif;;2020-11-20T15:07:35Z
Ora Guyon;Nyatanya gaada yang kena covid;Negatif;;2020-11-20T10:32:26Z
Agoes 94;Najis;negatif;;2020-11-20T09:53:03Z
Dean Ramos Molino;"Nadim banyak omong, program"" Nya g merata, kalo dia pengen bikin kurikulum yg tertuju buat pembelajaran daring, y sama rata dong, apa dia ngeliat betapa susahnya pelajar"" Dipedalaman, mereka kesulitan mencari sinyal, memiliki HP pun tidak,, jadi tolonglah pa nadiem,, jangan terlalu sulit membuat program""";negatif;;2020-11-20T09:29:54Z
indah purnamasari;Mol buka wisata buka ..dan pt jga karyawan banyak ...kenapa sekolah ga buka...ada apa indonesia ku ini;negatif;;2020-11-20T09:28:25Z
abim ghana;Misiii Mao nanya JADI TUGAS GURU AP YAK;negatif;;2020-11-20T08:46:18Z
RIVALDO DWI AGUSTINO;Manipulatuve nadiem makarim;negatif;;2020-11-20T07:47:05Z
RIZKY ALAM;Mall , tempat wisata semua sudah buka oi , bocil2 kebanyakan main aja kerjanya ga ada yang belajar sama sekali;Negatif;;2020-11-20T07:42:00Z
Hasnaurrofah Analia;Maaf sebelumnya...Krna adanya daring ini wrga yg kurang mampu sampai ada yang nekat mencuri hp demi anknya agar bisa tetap belajar,blum lagi kuota yg harus dibeli,sedangkan mreka untuk makan saja sudah susah.\nOrang baik yg terpaksa melakukan hal ga semestinya..??;negatif;;2020-11-20T07:34:01Z
Rayhan Nazat;Lalu kenapa wisata ga tutup;Negatif;;2020-11-20T07:27:57Z
Blank On Channel;Krisis Pendidikan karena dari menterinya;negatif;;2020-11-20T07:19:29Z
Rosida Marpaung;kepala sekolah hanya datang sebentar ke sekolah, langsung menghilang. Kepsek tidak pernah memberi kuota kepada guru atau murid kurang mampu.;Negatif;;2020-11-20T07:18:01Z
Enjoy Gaming;Kenapa sekolah belum buka ya.. sedangkan tempat wisata dan mall sudah buka... Padahal kalo di sekolah yang bertemu itu orang yang sama setiap harinya... Sedangkan di mall atau tempat wisata itu beda beda setiap harinya... Harusnya jika mall aja buka.. sekolah juga buka;negatif;;2020-11-20T07:13:34Z
Denzha vv;Kenapa mau jadi mentri sih pak? kalo bukan di bidang nya? \n\njgn di samakan dengan gojek ! belajar pun serba online.\n\nmatiin rejeki bawah aja semenjak libur sekolah, pedagang kecil gak ada pemasukan dari anak sekolah.\n\nkenapa mau jd mentri kalo bukan di bidang nya.;negatif;;2020-11-20T07:11:42Z
Halimah Diah;kebetulan sy baru pansiun wakil kepala sekolah bilang uang bantuan ibu ada ternyata uang itu enta kemana  rahibnya;Negatif;;2020-11-20T07:09:40Z
nunung kusumawati;kata kunci 1 jawaban betul, portofolio. tp tetap dibilang salah. gak bisa dikirim;Negatif;;2020-11-20T07:09:21Z
Sadiya Irina;Kasihan sekolah online kayak malah beban, ada berita depresi banyak tugas anak kecil bunuh diri. MasyaAllah;Negatif;;2020-11-20T07:08:29Z
Agus Setiawan;Kapan sekolah belajar tatap muka untuk siswa?\nJangan hanya belajar online saja..\nKami selaku orangtua siswa keberatan dengan pembelajaran daring..\nKenapa MALL,tempat wisata/rekreasi,kolam renang,bioskop,tempat karaoke di perbolehkan buka..\nAkan tetapi sekolah untuk siswa untuk menuntut ilmu masih belum di buka..\nBuka saja sekolah untuk seluruh zona(Hijau,kuning,orange,merah)\nJangan jadi ekonomi indonesia hancur mas generasi bangsa juga hancur juga mas;Negatif;;2020-11-20T07:04:15Z
Vera Pramudita;KAMI BENCI SITUASI SEPERTI INI!;negatif;;2020-11-20T06:57:46Z
Wyra Dinata;Justru banyak siswa yg harusnya masuk negeri malah jadi masuk swasta karena akreditasi sekolah, dan pahitnya lagi kalo itu kena kepada siswa yg keluarganya kurang mampu;negatif;;2020-11-20T06:57:08Z
Sabrina bensie;jujur mau curhat gw br naik kls 12 sepanik itu karna pelajaran sekolah gk ada yg masuk di otak(well ada bbrp tp skala nya kecil bgt).\npgn ikut les karna sbntr lagi TO’ SBMPTN dll dan satu sisi ekonomi keluarga lagi gk bagus krn pandemi ini jadinya takut ngebebani. dan satu sisi sekolah bnr-bnr cuman kasih TUGAS tanpa penjelasan, bagun pagi’ Wajib foto timestap telat dikit di tutup link nya di anggap alpha :(\n.\nbahkan ada bbrp guru yang gk mikir kalo keadaan lg kaya gini maksa bgt buat tugas kelompok dengan date line yang mepet :( dan masih ada loh guru yang ngambekan dan baperan made me really wanna say kaya bu... tolong kita jg cape pelajaran gada yang masuk tp tugas tetap disamain seperti sebelum pandemi dan guru yang bener bener ngejelasin(entah lewat video/voicenote) aja cmn 1/3 orang :(.\njujur gw setakut itu apalagi nanti gw akan melalui SBM/Ujian Mandiri blm lagi UTS’ atau PAT. \n.\nwe live in the crisis so don’t make it the same ?? semoga ujian’ sekolah diganti sama tugas’/assigment aja ????;negatif;;2020-11-20T06:54:48Z
Ann annn;Jujur gue kagak ngerti pelajaran secara online, dosen juga gk aktif kalau onlin, kayak percuma aja gitu gue kuliah;Negatif;;2020-11-20T06:53:53Z
Ria Jamz;Jujur blajar online.. ch sebenernya.g masalah.asalkan ada guru yg  ngerti sma kondisi org tua yg klo pagi2 tuh gimna repotnya...\nYg punya ank banyk yg masih kecil.\nPagi2 banyak aktivitas yg harus dkerjakan...\nTp semua ketunda2 krna blajar online..ngasih tugas tanpa penjelasan dulu...langsung kasih tugas & waktu yg cepet...gimna mo ngajarin dulu...materinya...harus cepet selesai...\nAnknya dsuruh mengerjakan tanpa ada arahan yg ada ancur semua nilai2nya...ortu mengharapan anaknya jd ank yg pintar...tp klo setiap ada tugas dkerjakan dengan buru2 gimna mo ngasih tau...cara blajarnya.  Ujung2nya instan ortunya yg mengerjakan anknya tinggal nyalin gimna ank mo bisa.hmmmm..cara blajar ank, cara ank menangkap pelajaran setiap ank beda2 g semua ank langsung bisa...harus pelan2 ngasih arahan pembelajarannya..,jd ortu sekalian guru dsaat pagi2 tuh sangat2 luar biasa...tolong pak menteri...ada solusi yg lebih baik lg..kasian ank2 generasi penerus bangsa ini...klo belajarnya g efektif pak...g semua org tua...bisa beli paketan krna uangnya hanya bisa buat makan keluarganya sehari2.g semua org tua punya hp yg bisa internetan..tolong pak...kasih solisi yg lebih mudah lagi pak...masuk sekolah lg dengan bergantian.setiap harinya...kasian ank2 yg sudah rindu blajar dsekolah.rindu bermain sma temen2nya saat jam istirahat..;negatif;;2020-11-20T06:52:18Z
Nur Hadiatma;Jika sy berfikir cermat sebaiknya anak diajari baca tulis dan berhitung oleh ibunya dan belajar pengalaman bisnis / usaha sama ayahnya itu lebih efektif dalam mendidik generasi muda , intinya bangku sekolah hnya mengejar beberapa lembar ijazah yg membuat anak2 terpaku dengan upah berdasarkan ijazah yg di dapat kan serta terseret dlm siklus buruh , sedangkan kebutuhan negara indonesia adalah pebisnis yg mampu mengontrol perdagangan dunia?? ayo selamatkan indonesia dari sistem perbudakan berkedok ijazah yg menyandera generasi muda dgn upah yg di tetap kan para elit berdasarkan tingkat pendidikan;Negatif;;2020-11-20T06:46:02Z
Dwi Rahmatullah;Jika Pemimpinnya bingung,bagaimana masyarakatnya ???;negatif;;2020-11-20T06:40:59Z
Saira muawanah;Jangan online, kuliah online bukan menambah wawasan hanya menambah beban??????;Negatif;;2020-11-20T06:37:04Z
My video Random;Ini bukan akut, ini sudah kronis pak??;negatif;;2020-11-20T06:33:15Z
Anwar L A;Ia hanya melihat menengah keatas bukan menengah kebawah soalnya  tidak semua orang bs beli hp klu ke pasar semua orang bs.  Dari sini pasti kalian tau maksudku klu klian pintar;negatif;;2020-11-20T06:31:50Z
Nanda Rudywala;HALO SEMUA, PERKENALKAN INI NEGARAKU. \nMALL DI BUKA, KAMPUS DI TUTUP;Negatif;;2020-11-20T06:27:06Z
PAKO'S by The Brother;Hahahaha keselamatan no 1. hmmmm new normal, mall boleh buka, tapi kampus tutup, bayaran tetap. SELAMAT, MAHASISWA SAH TAKUT COVID DI KAMPUS, LOGIKA LO SEMUA GIMANA BRADER AND SIS... #MAHASISWAMATISURI;Negatif;;2020-11-20T06:23:31Z
Gesang Anugraha;Guru gua bahasa inggris gila tugasnya gak jadwalnya dikirim tugas nya, kan jadi males guaa;negatif;;2020-11-20T06:21:35Z
Zidny Achmad;Gajelas lu pa;Negatif;;2020-11-20T06:16:12Z
Akhmad Safari;dunia semakin kbalik, pemerintah skarang lebih mementingkan politik pribadinya semua, dengan mengangkat atas nama rakyat. ketika pendidikan sekarang hanya dipandang sebelah mata dengan hanya mengandalkan teknologi, padahal yang lebih utama adalah pendidikan dengan adabnya terlebih dahulu. entah sampai kapan dunia pendidikan hanya mengandalkan dunia maya, padahal sosial interaksi pendidikan itu lebih utama. ekonomi, kesehatan dan politik harus diseimbangkan terlebih dahulu dengan ilmu (pendidikan). seperti pada ajaran sebelumnya yaitu IQRO, baca terlebih dahulu sebelum kita mengerjakan. jadi pentingnya ilmu pendidikan sangatlah utama bagi kehidupan. berhentilah dengan dunia pendidikan melalui dunia maya, mulailah seperti sediakala dengan interaksi sosial pendidikan yang nyata. entahhhhh.. dunia pendidikan kedepannya seperti apa ??? mungkin generasi yang hidup dengan dunia maya akan disebut dengan lulusan goegle... oohhhh tidak... yang tidak mengenal satu sama lain yang real... mohon pemerintah untuk kaji ulang dunia pendidikan saat ini.. #ayosekolah #selamatkanduniaanak #akidahaqlak;Negatif;;2020-11-20T05:24:49Z
Budi Budi;Dimasa pandemi covid 19 ini perbanyak materi video pembelajaran ke anak didik krn byk anak yg main games..sangat minim mateti yg diberikan ke siswa.;Negatif;;2020-11-20T05:24:12Z
Muhamad Wildan;Dikasih buku Lks sama buku Paket tapi tugas selalu praktek buat apa pak Lks sama Paket dikasih?;negatif;;2020-11-20T04:24:38Z
Ekie happy Setiawan;Di masa krisis seperti sekarang sebaiknya kita bersatu tpi masih ada aja sekelompok orang yg ribut ga jelas dn saling menyalahkan;negatif;;2020-11-20T00:47:52Z
Anggi Mauliana;Di kampung saya yang zona hijau.\nAnak SMP sudah masuk sekolah.\nTapi bukan nya masuk belajar mereka malah bolos sekolah.\nNongkrong di belakang rumah orang.\nBaru sekarang anak SMP pun sudah Pintar Merokok.\nKalaupun buka HP mereka hanya main tik-tok,FB dan nonton youtube??????????;Negatif;;2020-11-19T08:05:52Z
Adil Al;di Indonesia minta maaf berkomitmen ke hal negatif;negatif;;2020-11-19T03:10:23Z
Ibu Salamah;Di daetah kami silo sering padam pak..kmi jg bgung.;Negatif;;2020-11-18T21:40:48Z
Yuda Ardian;Dengarkanlah keluhan para emak emak di desa Bapak Menteri,.;negatif;;2020-11-17T12:18:52Z
Akbar bais;Daerah gua tadinya udah zona hijau..Nungguin mau sekolah eh malah jadi zona merah lagi kan bangsat;negatif;;2020-11-17T08:14:27Z
Noma Noma;curhat dikit om..\nsaya sekolah online dan jika dikasih materi lewat online gurunya cuman ngasih \n1)materi dalam bentuk text\n2) video yang menjelaskan materi tersebut (tidak smua mata pelajaran ada video)\n3) quiz tentang materi waktu itu\n4) forum diskusi ( yang mana didalemnya guru cuma bertanya tentang materi itu )\n\nyang bikin saya agak nggak ngerti itu \n1) materi jika saya tidak paham harus tanya ke siapa ? ke orang tua kadang juga tidak tau tentang materi tersebut\n2) jawaban dari quiz yang dikerjakan minggu lalu tidak ada pembahasan\n3) dan jika ada tugas kelompok online kadang temen juga susah buat diajak kerjasama \n\nenaknya sih everyday is sunday  cuma kalo ada tugas jadi begadang \nsusahnya jadi ga dapet uang jajan \nhehehe....;negatif;;2020-11-17T07:42:47Z
Republik mancing;Coba keluarlah bos mentri,,, lht di luar orang2 sudah normal dan gak ad yg mati kejang2 karnd covid, kenapa ini sekolah msh blm anda ijinkan ??? Waras kah anda???;negatif;;2020-11-17T07:32:34Z
Rizal Ramadhani;Capek njirr;negatif;;2020-11-17T07:27:39Z
Shakira Rahmadani;"capek liatin layar laptop tiap hari, bisa"" minus mata gua nambah :v";negatif;;2020-11-17T07:26:51Z
Ibu Salamah;Bnar pak byk org tua stress...dan sy sbgai gru les jg bgung mlihat tgas ank2..org tua ptus asa..;Negatif;;2020-11-17T07:00:04Z
aminah minah;Betul untuk anak SD belajar daring tidak optimal sy dari Makassar;Negatif;;2020-11-17T06:49:56Z
Ichigo Kurosaki;Benar jg tanpa tatap muka bertemu orang manusia , hidup manusia hanya hidup di dunia Maya .tetapi didunia nyatanya seperti mati ,;negatif;;2020-11-17T06:34:10Z
coffee and tobacco;Beban smua ortu slma pandemi covid ini mmg smakin berat, krn tidak hnya mmkirkan nasib ekonomi kluarga tp jg hrs mnggantikan tugas guru untuk membimbing mrk bljar drumah. Jd mmg hrs ekstra sabar dan sehrsnya bljar online skolah jg hrs lbh disesuaikn lg, jgn disamakan sprti saat bljar normal di sekolah yg trlalu bnyak sekali tugas agar tdk mmberatkn para ortu.;Negatif;;2020-11-12T12:16:22Z
Yes Vandi;Bagaimana klo pembelajaran online jarang ada mata kulah paling seminggu 4x itu jg cuma tugas2 ajh, kdang malam baru dapat tugas ,kuota unlimited cma smpai jam 5 sore, kan berat, uang kuliah trs bayar normal...berat beben mahasiswa;Negatif;;2020-11-10T12:41:37Z
Wan Razaq;awas aja kalau bocil2 make kuota ini buat youtube ataupun tiktok;Negatif;;2020-11-09T13:34:46Z
Anton Wuryanto;Asal ngomong aja.emang ente nanggung kuotany.pikir dulu klo ngomong.hnya ngomong gak ada solusi gmana yg rumah ny di pelosok,yg g mampu beli kuota;Negatif;;2020-11-09T01:31:14Z
Dede Iskandar;As a teacher i dont know what am i doing right now. Semua serba tidak jelas menurut apa yg saya alami d lapangan, informasi g jelas, aturan g jelas, tujuan g jelas. Saya cuma d kasih pilihan pembelajaran tanpa ada kejelasan how to do that. Pjj lah home visit lah, penugasan LKS lah ini itu. So i hope, make it clear. Karena d lapangan terlalu banyak miskomunikasi dan mis interpretasi  dan bahkan mis aplikasi dari semua program2 yg td pak mentri sebutkan. Contoh dalam hal RPP satu lembar saja, di lapangan guru masih bingung gimana bikin RPP satu lembar ya alhasil g mau ribet di rangkumlah RPP yg sudah ada tdnya 4-5 lembar jd satu lembar (apakah seperti itu? Jd yg bener tuh gimana?);negatif;;2020-11-07T00:16:54Z
Feri 123;"Apakah perubahan anda membantu seluruh siswa? Apakah ide anda untuk mengadakan sekolah online adalah perubahan yang tepat? Tolong lakukan perubahan yang baru dengan ide"" yang lebih membantu lebih meringankan beban siswa, karena siswa sekarang hanya tugas, tugas, tugas, penjalasan hanya ada di vidio tidak ada tanya jawab tidak ada penjelasan dari guru, jika pembelajaran di lakukan melalui zoom sinyal yang terkendala apakah bisa membuat  pembelajaran menjadi lancar,  itu terjadi di seluruh indonesia.apalagi yang ada di pelosok"" Indonesia dengan internet yang kurang memadai apakah itu solusi yang tepat tolong pak kasihan,";negatif;;2020-11-06T20:19:38Z
Luthfiana Lutfi;Anakku msh SD,tiap hr ngrjain tugas seabrek, kdg  sampe mlm br slesai;negatif;;2020-11-06T01:48:01Z
Mochamad Iftikar Maoreza;alasannya kebanyakan;negatif;;2020-11-05T07:58:48Z
Je Chindy Hong Kong;Adik ku kenaikan kelas 3 SMP tapi 5 bulan blm boleh masuk sekolah , cuma dikasih tugas online lalu Dikirim secepatnya , Tampa teori Dan edukasi dari guru , kasihan sekali tmn tmn dia yg orgtuanya tidak mampu harus siapin kuota tiap hari dan pinjam android tetangga .;negatif;;2020-11-05T03:04:31Z
What the heck just happened?;“pjj adalah pembodohan” sebenernya disini yg dipermasalahkan siswa bukan pjjnya tapi terkadang para guru hanya memberi tugas tanpa menjelaskan materi tersebut terlebih dahulu.;negatif;;2020-11-02T05:25:43Z
Intan Guswianti;?? ?? mas menteri. Anak sy juga sudah merasa kesepian. Krn gak ketemu temannya.;negatif;;2020-10-31T14:13:34Z
Fiki Seftyari Dadang;?? ?? ?? ??...... Kok aku benci ya;negatif;;2020-10-31T09:16:34Z
Afif Molen;yg pling klihatan  sih...kejujuran setiap murid di pertanggung jawabkan ....ada loh sbgian murid yg mngerjakan adl orangtuanya loh..dr sisni aja kliatan kn dimana letak kejujuranya?;netral;;2020-10-31T08:46:22Z
susilawati;Yg berat bukan daring nya pak menteri.. tp untuk membayar biaya sekolah yang tetap full dibayarkan. Apalagi untuk anak-anak kami yg sekolah di sekolah swasta. Sedangkan selama pandemi pastinya sangat berpengaruh ke perekonomian keluarga. Semoga bapak bisa memberikan kebijakan untuk anak kami yg bersekolah di swasta;netral;;2020-10-29T11:46:18Z
Ardhia Pramesti Nurmianda P.H.;yang paham bisa jelasin nggak, tentang kuliah praktik yang diperbolehkan untuk datang ke kampus agar tidak menghambat kelulusan mahasiswa contoh penelitian dan praktikum itu untuk tingkat akhir yang sudah lulus atau untuk semua mahasiswa ?;Netral;;2020-10-28T04:02:24Z
Saepul Bahri;Yang lagi pusing mikirin tugas online..  tenang mungkin suatu saat nt go jek  ngeluarin  jasa GOTASK biar Abang gojeknya yang ngerjain tugas. ??  Atau bisa juga GOTEACH biar gurunya Dateng ke rumah??;netral;;2020-10-24T18:33:49Z
Afif Molen;ya kalau orangtuanya punya satu pemikirn yg sama n mau mngikuti modul itu pak...tp orangtua ini tdk trikat sprti guru kn ..klu guru kn terikat dia bawahan n hrus mlkukn..lah ini blm bnyk yg mnyadari klu ini pntg buat anak  akhirnya orangtua mrasa cuek n mnganggp kurang pntg utk mngikuti modul...;netral;;2020-10-24T03:14:48Z
Arifin 15;Untuk teman2 yg masih sekolah, inget bro, sebanyak apapun tugas, brainly selalu ada:p;netral;;2020-10-23T08:03:49Z
Cata Rina;Untuk kouta tidak sesuai dimana kami melapornya? Tolong di permudah;netral;;2020-10-22T15:12:56Z
EVISRI ANTI';Tolong pemerintah perhatikan kami guru honorer yang ada di Papua ini, tepatnya di Nabire.;Netral;;2020-10-22T14:57:50Z
sulikhah -;Smoga anak? bisa sekolah lagi dengan aman ...;Netral;;2020-10-22T09:40:10Z
Ibu Salamah;Silo jember jatim..pak mntri..;Netral;;2020-10-21T12:11:34Z
IKomang swadayana Artayoga;serius nnya yaa, mall bisa buka kok sekolah tidak? Di mall ad protokol kesehatan di sekolah gk bisa? Pdhal secara realita di mall itu untuk protokol kesehatan jrang di lakukan. :v;netral;;2020-10-21T12:09:58Z
Suhaedah Eda;Semoga sukses;Netral;;2020-10-21T11:46:14Z
Siti Isna Nurochim;Semoga saja pandemi ini segera berakhir dan berjalan seperti dulu. Agar pembelajaran jarak jauh ini tidak lagi ada. Agar kita bisa bertatap muka dengan anak-anak lagi di sekolah;Netral;;2020-10-21T08:01:33Z
Minuril Hidayati;Semoga pembelajaran tatap muka segera terealisasi \nAamiin...;Netral;;2020-10-18T00:44:31Z
Sumi Guru;"Semoga pandemi segera berakhir dan anak"" dapat bersekolah kembali";Netral;;2020-10-17T21:02:51Z
Pudji Rahayu;Semoga pandemi COVID-19 segera berlalu dan pulang keasalx dan kita bisa mengajar lagi seperti semula;Netral;;2020-10-10T11:58:59Z
Wastinah Entin;Semoga pandemi Covid-19  segera sirna dan kembali ke asalnya dan kami bisa melaksanakan proses pembelajaran seperti biasa dan bertatap muka;Netral;;2020-10-10T05:26:39Z
Diane Punuindong;Semoga Pandemi CORONA ini cepat selesai, dan kita boleh mengajar di sekolah;Netral;;2020-10-06T08:44:51Z
Deden Dean Rahayu DR;Semoga kita semuanya selalu diberikan kesehatan.\nBagi yang mempunyai anak usia SD di kawasan Bandung Raya, daftarkan saja ke SD Assalaam Bandung untuk membina akhlak meraih prestasi gemilang;Netral;;2020-10-04T04:39:22Z
Muna sifa;Semoga covid cepet hilang dan anak - anak segera kembali ke sekolah, untuk kecerdasan bangsa;Netral;;2020-10-04T03:34:33Z
Siti Mariyam;Semoga covid 19 cepat hilang dari negara Indonesi dan anak2 bisa mekaksanakan sekolah dengan tatap muka.Mari kita bersam2 menjalankan protokol kesehatan dengan baik.;Netral;;2020-10-01T16:32:21Z
Zidan Nadien Nadien Zidan;Semoga cepat berlalu,, dan sklh seperti biasa dan pembelajaran dapat berjalan dan max,,;Netral;;2020-09-30T10:32:50Z
Marwah Syah rani;Semoga anak2 cepat masuk sekolah dengan ilang nya covid 19  aamiin;Netral;;2020-09-25T08:29:24Z
rita zahara;Semoga anak2 bisa sekolah dg aman;Netral;;2020-09-24T21:43:04Z
Nur Faizah;Semoga anak anak kembali masuk sekolah dan keadaan sudah aman,  Aamiin;Netral;;2020-09-20T15:34:15Z
Dendy Hermawan;Sekolah online sebenarnya cukup 3 jam sehari.;netral;;2020-09-15T13:10:12Z
Rusuh Boy;Sekolah dibuka;netral;;2020-09-14T21:51:33Z
It's Cici YtChannel;"Sekedar sharing kejadian di lingkungan gw.\nGw bekerja di Kalimantan tengah, tepatnya jauh dari pusat perkotaan. Disekitar PT gw kerja, banyak desa"" kecil yg mayoritas masyarakat ny bekerja sbg nelayan n buruh.\nBeberapa kali sempet ngobrol sama orang tua yg anak ny masih pada sekolah. Mereka pada ngeluh, krn sekolah skrg diharuskan punya smartphone, semua serba online(tugas, belajar) ,harus beli paket kuota internet. Jangankan utk beli smartphone, penghasilan tiap hari hanya cukup utk makan. Sampe banyak disni yg harus jual binatang ternak, kendaraan, bahkan petak tanah, demi memenuhi permintaan anak ny utk sekolah.\nPrnah juga gw d kota nemuin bocah kumpul d sebelah ruko yg ngasih free WiFi dg kondisi masih bawa karung yg isi nya botol"" plastik anak"" itu megang 1 hp aja gantian utk belajar. Gw tanya( dek, lg pada ngapain, jgn kumpul"" corona)sambil candain\nThey says( lg ngerjain tugas om, numpang wifi)\nReally, apakah sebelumnya hal seperti ini dipertimbangkan oleh pembuat kebijakan?\nTidak semua siswa di negeri ini kaya berkecukupan. Yg bisa siap kapan aja utk daring school. Semoga ini menjadi pembelajaran bagi kita semua.";netral;;2020-09-14T20:12:16Z
Maulana AlvinMubarok;Saya si cuma minta spp SMK/SMA di kurangin merata di indonesia,Karena orng tua saya Seminggu kerja,seminggu enggk kerja,;netral;;2020-09-14T02:29:21Z
express laundry;saya setuju harus ada tatap muka, perlu ada hubungan emosional tatap muka..cuma ini lagi pandemi, resiko sangat besar ,,analogi nya jngn disamakan dg pacaran,,kurang tepat..;netral;;2020-09-12T02:44:07Z
Masya_bear;Saya rakyat, mengucapkan terserah kalian #pemerintah;netral;;2020-09-11T13:57:39Z
fahrian ikhsan;saya punya adek 2, mereka sekolah di muhammadiyah kelas 4 dan 5, kemarin ortu nya dipanggil ke sekolah buat tanda tangan surat pernyataan setuju/tidak setuju untuk siswa pembelajaran bertatap muka, jika ada ortu yg tidak setuju dg bertatap muka maka anaknya bisa pembelajaran dirumah, sebaliknya yg setuju bisa pembelajaran tatap muka disekolah dengan protokol kesehatan…;netral;;2020-09-10T07:32:56Z
AKMALEE;Saya pelajar dan saya ga terlalu terbebani dengan tugas2;netral;;2020-09-09T15:40:28Z
Yehezkiel Purba;saya murid SMA di Cikarang, pengalaman saya jujur, nilai saya secara signifikan meningkat. Tapi ngga ada ilmunya. Karena frekuensi intensitas arus supply kunci jawaban meningkat secara eksponen.;netral;;2020-09-09T08:27:30Z
Sabda Maulana;"Saya mikir kalau 1 genarasi hancur bayangin aj dampak nya gimana dari pendidikan sd, smp, sma, universitas dan ujung nya lapangan pekerjaan, kualitas pekerja juga berarti sangat menurun kan, dari sini timpul la masalah baru tentang ekonomi kalau kulitas pekerja menurun beberarti otomatis dong pendapatan tempat bekerja nya juga menurun ,dan lapangan pekerjaan menurun dong, nah dari sini pun nanti keluar masalah baru tindak kriminal seperti mencuri, merampok dan lain"" karna krisis ekonomi, ngeri kali kan udah kayak black circle aj kita terjebak di dalam lingkaran hitam tidak tau jalan yang di ambil ke mana";netral;;2020-09-08T11:25:19Z
tridadi saputra;"saya ingin tanya, apakah Vaksin itu sifatnya mengobati atau mencegah?\nSetahu saya, Vaksin itu berfungsi untuk mencegah, karena dalam pengetahuan saya Vaksin itu adalah sebuah virus yang sudah dilemahkan yang berfungsi sebagai ""sparing Partner"" untuk Sistem imune Tubuh kita supaya  bisa Kebal dan mampu dalam menghadapi suatu jenis penyakit. Mohon Koreksi kalau saya salah.";netral;;2020-09-08T07:20:40Z
PSI_Suro Diro Hadi Projo;Satu pertanyaan saya. Kenapa malah meninggalkan sistem pendidikan asli indonesia. Yang diciptakan ki hajar dewantoro;netral;;2020-09-07T16:09:18Z
Sammy Sam;Saran ke pak nadiem aja nih,tambah infrastruktur pendidikan.bangunan sklh dan guru kompeten terutama.\nkrn tiap thn pertumbuhan penduduk sangat signifikan,itu aja sih...;netral;;2020-09-06T13:15:06Z
wesak ariani;Sampe sekarang belum sampe ke siswa kuotanya......kapan yaa bs sampe dapat......kasihan anak2 mau belajar on line;netral;;2020-09-06T08:12:57Z
Adithia Novianti;Saat ini bukan kondisi biasa, yang dilewati saat ini masa krisis, dan bukan kita saja tapi seluruh Dunia. \n\nOrang-orang terbaik diseluruh Dunia sedang dalam proses menemukan sistem baru yang paling terbaik untuk dapat di applikasi kan ke segala sisi. \n\nMengubah sistem dalam sekala besar itu tidak mudah, ditambah lagi untuk bisa menerima perubahan sistem itu juga hal yang membutuhkan waktu. \n\nIni bukan pekerjaan rumah untuk satu orang, tapi untuk kita semua. \n\nYang paling baik yang bisa kita lakukan saat ini bersatu untuk saling membantu sehingga kita semua bisa melewati masa yang sulit saat ini.;netral;;2020-09-05T01:28:50Z
Abdul Syukur;Punten  seribu punten pak menteri...dunia pendidikan harus ditingkatkan...terutama kesejahteraannya...\n....karena kami semua  garda terdepan  dari visi dan misi  Pendidikan NKRI...Yang tertuang dalam UUD 1945....mencerdaskan kehidupan bangsa;Netral;;2020-09-04T17:26:28Z
Salamuddin Tanjung;Prioritas utama\nKeselamatan dan kesehatan bapak\nKan Bapak yang bilang kemaren melalui SE;Netral;;2020-09-04T15:24:22Z
raditya yudha;PJJ emang gaboleh ijin ya ? karena aku ijin buat periksa mata butuh kacamata dipanggil kesekolah:v;netral;;2020-09-04T14:33:46Z
Nur.h_ tamrin;"Perlu ganti seragam sekolah ke seragam ""astronot"" kali ya agar tatap muka pendidikan bisa berlangsung.";netral;;2020-09-04T12:18:14Z
Asep Rohmandar;Perlu evaluasi lanjut dengan alat ukur yang baik perbandingan output PJJ/Daring vs Tatap Muka. Agar putusan kebijakannya lebih tepat dan fokus terarah bagi keberlanjutan kualitas pendidikan kita.  Kalau ada satuan pendidikan implementasi PJJ hasilkan optimalisasi dan kualitasnya lebih baik bisa diteruskan agar hak dasar pendidikan makin murah, hemat, terjangkau dan murah bagi semua.;netral;;2020-09-04T11:41:27Z
Soeranti Handayani;penjelasan PJJ juga TM terimakasih;Netral;;2020-09-03T21:09:17Z
Pastinya Tv;Pendidikan itu investasi. Jika sekarang kita salah investasi pendidikan ,maka dampaknya 10tahun kedepan.;netral;;2020-09-03T14:49:52Z
BegiTu - Berbagi Informasi & Tutorial;Pandemi ini membuat guru dan ortu mendadak menjadi youtuber https://youtu.be/pn9mLqCbLqY;netral;;2020-09-03T13:49:26Z
ari kusuma wardhani;Pandemi adalah cara Tuhan mengingatkan ortu bahwa mrk jg hrs peduli dg pendidikan anak2nya.tdk semua diserahkan ke sklh dan guru;netral;;2020-09-06T08:19:47Z
Syamsul Maarif;Pak mentri untuk sekolah di buka aja..;netral;;2020-09-03T13:23:00Z
nurmainy ali;Pak Mentri pendk karakter penting,dan imun jg hrs di jaga,tp pelajaran agama n pjok knapa di kurangi?????;netral;;2020-09-03T07:33:11Z
Hery Purwanto;Pak lagi pandemi gini tolong biaya pendidikan jangan di naikan dongg w rasa sekarang yg bisa kuliah rata rata cuma org yg berduit sedangkan yg ga berduit susah banget bisa sih tp ya susah banget;netral;;2020-09-24T11:08:33Z
smoker;pak apa gk ada keringanan buat spp sekolah swasta ?;netral;;2020-09-03T05:51:56Z
Rusuh Boy;Pak 85% mendukung sekolah dibuka;netral;;2020-09-03T05:49:39Z
Daryono Rm;Pa menteri mohon segera sekolah di buka .....agar anak didik bisa belajar lebih optimal;netral;;2020-09-03T04:35:45Z
Rafshanjani Alexia;Oke sekolah dilakukan daring tidak tatap muka agar menghindari kerumunan yang dapat menyebar covid tapi bagaimana dengan tempat tempat hiburan dll. Contoh seperti warung kopi, mall dll kan kayanya kemungkinan penyebaran nya lebih besar dibandingkan sekolah. Karena orang yang datang ke situ beragam kalau sekolah orang yang datang ke sekolah ya cuma warga sekolah;netral;;2020-09-03T02:12:37Z
Adil Al;nadiem makarim sebelum covid : Mentri paling disukai bocil\nnadiem makarim setelah covid    : Mentri paling dibenci bocil;netral;;2020-09-03T01:30:00Z
Mia Rachmiati;Mudah2an yang terbaik..\nAman,selamat dan sehat;Netral;;2020-09-03T00:40:54Z
Halimah Diah;mudah mudahan cepat kembali seperti duluh lagi terkadang  siswa orang tua tdk mampuh jd sukit utk pjj;Netral;;2020-09-02T21:29:33Z
Halimah Diah;mohon penjelasan bpk mentri;Netral;;2020-09-02T18:23:47Z
Kelas Kak Hery;Mohon maaf Pak Menteri. Untuk PAUD sebenarnya jumlah siswanya lebih sedikit 15 perkelas. Jika pelayanan dilakukan dalam bentuk private 1 guru 1 siswa,  dengan pengaturan waktu datang sebenarnya lebih memungkinkan, minimal seminggu sekali 1 jam mereka bisa relaxasi datang di sekolah dengan protokoler ketat. Jadi ke khawatiran mereka akan berbaur dengan anak lain tidak akan terjadi seperti yang selama ini dibayangkan oleh orang2 yg tidak pernah tahu dilapangan. Bonding guru dan siswa akan tetap berjalan, suasana sekolah tetap akan dirasakan oleh peserta didik yg hampir sebagian besar merasakan bosan dirumah selama BDR,  dan itupun tetap menjadi pilihan bagi orang tua yang berkenan. Apakah hal  memungkinkan dilakukan Pak Menteri? Ada baiknya perlu dilakukan observasi dan penjajakan  oleh pihak terkait pada jenjang lembaga PAUD. Terima kasih. ??;netral;;2020-09-02T17:32:01Z
Yuli Untari;Menyimak Pak mentri semoga pandemi ini lekas berlalu sehingga anak anak bisa sekolah tatap muka kembali.;netral;;2020-09-02T16:55:19Z
Akhmad Baidowi;Mentri yang serba salah, maju kena mundur kena.\nKnapa gak dibuat klo skolah selama covid bisa tidur diskolah, dikarantina diskolah juga?;netral;;2020-09-02T16:45:25Z
Ronah;"Melangkah maju itu baik, tapi sebelum melangkah benahin dulu hal2 yang tertinggal.. \n1. Sekolah sekolah yang masih rusak dan belum terjangkau infrastruktur di daerah\n2. Sejahterakan saja dulu guru honorer! Jangankan guru honorer di daerah terpencil, di jakarta aja banyak banget yang belum sejahtera (termasuk gua)\n3. Korupsi yang terus terjadi dan terstruktur dalam sistem pendidikan negeri ini, basmi sampai ke akar-akarnya.. terutama kepala sekolah yang menyalahgunakan dana BOS dan BOP (modusnya adalah  dana BOS dan BOP ditransfer ke guru2 but in the end, harus menyetorkan uang itu ke kepala sekolah) dan guru honorer cuma dapat ""recehan""\n4. Segera habiskan guru2 PNS senior yang mager masuk kelas karena lebih senang kongkow di kantor";netral;;2020-09-02T15:46:32Z
Agnia M;mau tanya dong, yang ngekos kalian apa kabar?;Netral;;2020-09-02T15:20:20Z
Heriyanto Alex;masuk aja anak sekolah. sekolah bakal siapin protokol. pak mentri.;netral;;2020-09-02T15:10:54Z
KOPIHITAM;Maaf pak nadiem,  adik saya sekolah di SMA NEGRI masih byr SPP tiap bulan yg nominal ny lumayan, dan masih menunggak biaya pembngunan dll.  I don't agree dengan statement skolah negeri gratis;netral;;2020-09-02T15:05:33Z
Raditya Krisna;"maaf maaf, mungkin saya masih anak kecil. \nsedikit mau ber argumen menanggapi yg katanya poin + yg enggak di angkat.\n kalo poin zonasi ok lah menurutku 50:50 karna jika diwilayah desa mungkin ada beberapa anak yg cerdas dan kurang mampu belum tentu disekitarnya ada sekolah Negri.\npoin kedua yg membahas bos, apa bukanya bantuan emang harus secara langsung bukan membebankan kpd sekolahan dan org tua seperti sebelum""nya.\ndan poin terakhir, saya juga seorang mahasiswa S1 yg sedang ingin mengais ilmu yg dari SMP saya inginkan yakni Psikologi. saya senang dikala dulu di kampus bisa berdiskusi bareng sampe sekarang saya sering mengumpulkan temen bahkan adik tingkat saya untuk kerumah untung saling berbagi informasi. dan mungkin bisa di coba lembaga surve untuk melihat perbandingan mahasiswa yg bahagia atas sistem ini dan berapa yg kecewa akan sistem SKS ini. \n?? saya hanya mencurahkan apa yg saya tau dan saya rasakan. Akun ini asli bukan bot, saya tidak membenci tapi saya hanya menyesalkan karna ada beberapa pihak terkait yg seudzon saya mengambil keuntungan. \nseperti temen saya tidak mendaftar wisuda tp tau"" ada di dalam daftar wisudawan thn ini. trman saya juga sudah diinfokan mendapat biasiswa dan sudah melengkapi persyaratan malah dikabarkan di ganti karna periode kelulusan digabungkan. ??  Trimakasih om Dedy semoga bisa di dengar walau saya bukan siapa-siapa";netral;;2020-09-02T14:58:23Z
ginan vijaya;Libur kan aja dulu bos covid selesai msk lgi belajar online 2 kali lipat pengeluaranya;netral;;2020-09-02T14:53:50Z
ajii;krisis pembelajaran nih bukannya krisis pendidikan??;netral;;2020-09-02T14:51:24Z
Khoirul Ramadhan;Kenapa pendidikan di Indonesia dari jaman dulu sampe sekarang yang gabisa matematika itu dinilai anak yang bodoh ,padahal kan ada mata pelajaran yang lain ,setiap anak punya kemampuannya masing masing dan mengapa pendidikan di indonesia dipatok harus banyak mata pelajaran dan harus pintar padahal kita gatau anak itu kemampuannya di apa;netral;;2020-09-02T14:27:14Z
KOPIHITAM;Kenapa membuka sekolah gk semudah membuka kantor / instansi / tempat usaha.  Karena logika nya siswa nya itu2 aja,  sama sprti kantor pemerintah dan swasta. Kantor pemerintah/swasta yg menggunakan protokol kesehatan yg standar spt tmpt cuci tangan, hand sanitizer, disinfektan,  masker, bisa buka. Mengapa sekolah tdk???;netral;;2021-04-20T05:55:45Z
Meta M;"Kenapa ga tingkat universitas dulu yang dibuka ya. \nNgerti sih maksudnya karena mahasiswa lebih ""bs diandalkan"" soal daring dan lebih gampang dibimbing jarak jauh mungkin.\nTapi banyak kegiatan praktikum ( terutama kedokteran atau kedokteran Gigi atau science dll) yang tidak bisa dilakukan lewat online.  \nMenurut saya kebalik kl ngutamain sma smp dan sd dibuka duluan. \nSebaiknya univ dulu, karena harusnya mahasiswa lebih mengerti soal jaga jarak dll. Itu pendapat saya ya.";Netral;;2021-04-19T13:11:03Z
Eko Yulian;kekhawatiran kalian terlalu berlebih soal lonely dan psikis.. nyatanya... justru karena pjj ini mereka menjadi lebih bebas... saya pekerja lapangan yg sering bepergian antar kota... saya melihat selama sekolah diliburkan ini, banyak sekali waktu bermain untuk anak anak.. saya melihat setiap pagi dan sore di hampir setiap kota, banyak sekali anak anak yg ngumpul untuk bermain layang layang, bareng, main kelereng bareng, balapan sepeda, kejar kejaran, dll. dan setiap saya tanya untuk sekedar basa basi kenapa tidak belajar, mereka sering menjawab bahwa sekolah masih libur ngapain belajar. terkadang fakta di lapangan jauh berbeda dgn ekspetasi.;netral;;2021-04-18T15:37:37Z
Ali Maksum;Kejar paket aja. Pendidikan  yg reguler naikkan  aja biayanya;Netral;;2021-04-18T03:23:14Z
abass;Jaman sekarang alay banget , dari orang tuanya sampe anak anaknya . Cuma kuota lu sampe menjerit , dulu gw sekolah sambil manggul sambil jualan . \n\nTidur paling telat BANGUN paling giat , GW SMP udah bayar kos kosan sendiri karna harus sekolah ke daerah kota . Sedangkan orang tua gw cuma petani yang bisa ngongkosin buat makan . Alhasil GW memutuskan jualan Dan manggul kardus dipasar subuh, gw diumur 13-14 tahun bisa muter otak . Bayar kos kosan tahun 2009-2010 dulu 200 ribuan sebulan, gw bayar semua selama 2,5 tahun pas lagi SMP .\n\nLu cuma beli kuota sampe merengek rengek, kebayang lu semua kalo diposisi gw .. manggul gengsi , kerja gamau .. Alhasil nangis2 , perasaan para veteran Dan buyut kita dijaman soekarno semuanya pekerja keras .. \n\nIni turunan siapa si yang merengek rengek kek gini.. gw dulu paling miskin disekolahan ga pernah merengek rengek..;netral;;2021-04-17T23:51:00Z
Fredy;Iya hrs byk turun ke jauh2 pedalaman biar paham pendidikan jauh dr jakarta spt apa..;netral;;2021-04-17T01:26:02Z
INI BOY;Intinya yg diomongin pak Nadiem ikutin aja;netral;;2021-04-16T02:50:27Z
aziz bachtiar;INTINYA KALO LO SEMUA MAU SEKOLAH BERTATAP MUKA..BILANGIN WARGA2 DI DAERAH LO. JANGAN KLUR RUMAH KLO GA PENTING2 BANGET..BIAR COVID CEPAT BERLALU;netral;;2021-04-15T19:30:38Z
bgapizzz;"Innti para orang tua udh cape ngelajarin anak""nya  ribet dengan kerjjan numpuk,cari duit \nPemerintah bingung mau buka sekolah (new normal) ,rakyat berteriak buka sekolahkembali giliran d buka banyak yg kena, pemmerintah yg di salahin";netral;;2021-04-15T16:13:22Z
Ika Teacher;Ika Hersanti SDN Sunter Agung 01 hadir menyimak;Netral;;2021-04-15T04:04:23Z
ade reva ina;Hrus y  bikin kebjikam biaya skloh di potng 50%...kan bljr y d rumah...;netral;;2021-04-14T20:57:14Z
andy surya;Fungsi pengawasan kepada sekolah benar2 di perketat, sehebat apapun programnya jk para guru hanya memberikan tugas tanpa mau bersusah payah memberikan bekal ilmu thd muridnya mustahil kualitas pendidikan dapat berjalan dgn baik. ini bukan rahasia umum lagi. Mohon di tindak lanjuti Pak Menteri;netral;;2021-04-14T04:19:50Z
Azhar attamimi;Enakan tuh semua buku pelajaran jadikan 1 aja biar simple;netral;;2021-04-12T02:31:25Z
tri januar;Di kota besar yg ngeluh kebanyakan orang tuanya bukan muridnya sedangkan di daerah yg ngeluh beneran siswanya karena kurangnya alat buat belajar online. Sistem kek gini sbnernya bakal terjadi cpat atau lambat bedanya karena ini pandemi jadi didorong lebih cepet buat adaptasi metode belajar online kek gini..;netral;;2021-04-11T05:46:09Z
nia widia;Daring dan luring memiliki kelebihan dan kekurangan masing-masing;Netral;;2021-04-10T16:13:59Z
Radhitya Sangraja;Cobalah pak mentri belajar meninggalkan apa yg bapak mentri raih saat ini, tanpa atm, 3jt/ bln, dilingkungan yg susah sinyal.... \nSaya salut klo bapak mentri bisa bertahan.;netral;;2021-04-10T11:22:43Z
HARTINI Video;Bukak kembali sekolah sekolah dizona hijau pak, andai andai ??;netral;;2021-04-10T07:41:38Z
Weily Nirmala;"Berandai-andai juga..\nSemisal 5th kedepan vaksin covid blm ada dan kondisi ekonomi dunia semakin memburuk akan tetapi tetap ingin survive pendidikan agar generasi mudah ttp bertahan..\nMaybee pemerintah harus gaet bbrpa tv, atau buat saluran tv sendiri dgn jam tayang pembelajaran bagi anak sd, smp, sma, kuliah dan tinggal di schedule aja jam pengajarannya, dgn ide relaksasi dan merampingkan kurikulum harusnyaa metode itu bisa berjalan di tv walau gak 100% work.. \nDgn kendala daerah terpencil yg sulit memiliki kuota, atau tdk memiliki teknologi untuk akses pjj, mgkin salah satu cara yg bsa menolong melalui saluran tv dan lebih efisien dari segi biaya, contoh pembelajaran seperti ""ruang guru"" versi tv dimana materi ada pembahasan dan tanpa pemberian tugas/pr, tp disisi lain tenaga pengajar akan kehilangan pekerjaan.\nJust berandai-andai kawan??\nI wish dunia cepat membaik dan segala kekhawatiran terselesaikan,, dan proses niat baik untuk Indonesia dlm pendidikannya bisa dijalankan dgn sukses??";netral;;2021-04-09T17:51:04Z
Miss Iim;bener2 ini mas menteri ini dilemma mengeluarkan keputusan, karena di lapangan ghost of this pandemic masih beragam. ga semuanya setuju tatap muka dan ga semuanya setuju pjj.;netral;;2021-04-09T02:33:18Z
widya ningsih;bagi kami jenjang paud menjadi dilema karena satu sisi tuntutan org tua yg ingin tatap muka dengan berbagai protokoler yg sanggup kami laksanakan akan tetapi jika dilingkungan kami sd nya tidak melakukan tatap muka maka kami terkena damprat oleh guru sd jadi harus bagaimna kami menghadapi ini semua mohon instruksinya yg jelas dan tegas untuk semua kepala daerah supaya tidak terjadi konflik antara guru paud dan sd semakin meruncing di masa pandemi ini..;netral;;2021-04-08T12:59:57Z
SY OFFICIAL;Bagaimana kami di sekolah swasta apa kami bisa dapat bantuan kuota gratis dan sekolah kami berdiri di kaki sendiri tampa bos apa kami berhak sebagai warga negara Indonesia mendapat hak kami jg;netral;;2021-04-08T01:15:08Z
Abdul Farruq;Assalamualaykum Pak Mentri... apakah ada advokasi bagi walimurid yang tidak mampu memenuhi kewajiban mengikuti pelajaran karena berbagai hal, namun sekolah tidak memberi kelonggaran secara akademik dalam arti sekolah tidak melakukan penyederhanaan kurikulum artinya srkolah hanya mengirimkan pembelajaran berupa video youtube atau power point tanpa melakukan komunikasi dengan walimurid selain tagihan SPP dan tugas? mohon responnya pak Menteri;netral;;2021-04-07T18:40:40Z
Alin Wahyu Wulandari;Assalamu'alaikum Bapak Menteri Pendidikan .. Saya mewakili KS TK dan KB, yang juga melakukan pembelajaran BDR. Apakah siswa kami juga akan mendapatkan paket kuota internet seperti Kakak-Kakak kami di SD ke atas???  Bagaimana caranya Bapak...???\nBesar harapan kami untuk mendapatkan  subsidi  kuota internet untuk Siswa, Guru...\nTerima kasih...;netral;;2021-04-06T16:40:17Z
Bapak Marzuq;Assalammualaikum Maap pak nadiem Saya selaku guru swasta mohon sekolah negeri bisa diperuntukkan bagi keluarga yang kurang mampu dengan di buktikan dengan surat tidak mampu, kami sekolah swasta terkena dampak dari penambahan pagu sekolah negeri. Sekolah negeri kan sekarang bebas spp tidak seperti jaman saya sekolah dulu.;netral;;2021-04-06T13:48:40Z
Dyki Adithya;asalamualaikum pak menteri mohon di tindak lanjuti khusus di lampung supaya bisa di adakan tatap muka;Netral;;2021-04-06T07:43:50Z
Jumali Collexen;Apakah murid mendapatkan kouta untuk BJJ bpk?;netral;;2021-04-06T02:00:49Z
Yudi Bintoro;Alhamdulillah semoga bisa cepat terlaksanakan tatap muka  P. Mentri;netral;;2021-04-05T23:43:41Z
Danang Eko Pranowo;ada yang tahu,, 2020 sekarang Kurikulum yang dipakai negara kita apa ya dalam dunia pendidikan??;netral;;2021-04-05T18:27:00Z
Tati Ferawati;Terimakasi pk mentri, semoga sekolah dapat dibuka kembali waupun bergiliran agar guru dapat meneladani karakter kepada siswanya yang tidak bisa ditularkan melalui teori tetapi dengan praktek lansung;Netral ;;2021-04-04T11:33:49Z
H.mashariyanto H.mashariyanto;Terimah kasih atas impormasinya;Netral ;;2021-04-01T15:24:10Z
gangan dirgantara;Apakah masalah pendidikan selesai dengan hanya di bagikan kuota saja pak mentri?;Netral ;;2021-03-31T19:31:22Z
Icha Asri;Yes, ini ga mudah mas menteri. Program dan idelalisme mas menteri tidak salah. Thats very good. Tapi pengalaman praktik itu sangat penting untuk menentukan program dan mengeksekusi program... Dan Mas Menteri ini adalah seorang pejabat dengan karakter yang baik. Seorang pemikir yg tidak antikritik. You're still the best Sir...;positif;;2021-03-31T13:15:57Z
Deny Pardede;What a humble man you are, mas Nadiem. Semoga tantangan ini malah bikin tambah semangat dalam mencari/menemukan terobosan demi kemajuan pendidikan untuk setiap anak bangsa. God bless you!;Positif;;2021-03-30T17:41:17Z
RAFI NUR RAMADHAN;we still believe in you pak mentri....semangat;positif;;2021-03-28T21:23:11Z
Abdul Syukur;wah...itu gagasan ide bagus pak mentri...selamat berjuang terus;Positif;;2021-03-27T13:47:45Z
Naufal Anbial falah;UTBK tahun ini persaingannya ketat banget, bagus banget kebijakan buat ngilangin saintek di tesnya;positif;;2021-03-26T16:49:07Z
Makhfurohsulung;Ttp semangat....;Positif;;2021-03-26T15:20:51Z
Pak Guru Nasir;Trm kasih Mas Menteri, infonya sangat bermanfaat. Kemdikbud sangat responsif dan cepat tanggap. Sukses selalu;Positif;;2021-03-23T10:59:13Z
lolla;Top;positif;;2021-03-22T00:20:15Z
Albar Ramanto;This man is extreamly wise..;positif;;2021-03-21T07:18:37Z
Agung Prayoga;this is crazy people i love nadiem makarim you is the best ..... semua butuh proses pak menteri semangat selalu untuk membangun indonesia jadi lebih maju dan lebih baik semangat.......;positif;;2021-03-20T16:11:36Z
Don Papa;thats amazing;positif;;2021-03-17T12:19:43Z
Adeq Fitri;Thanks Pak Nadiem... untuk semua...dengar...pahami... pasti ngerti deh ngertiiii.....;positif;;2021-03-17T09:15:45Z
NURUL CHASANAH;Thanks pak Nadiem;Positif;;2021-03-16T11:12:58Z
REM 99;Tetap semangat mas menteri !!;Positif;;2021-03-16T08:35:50Z
SMP NEGERI 1 MADIUN SUJITNO;Terimakasih kebijakan BoS. Bertanya dana BOS apa masih diperbolehkan untuk bsntuan peserta didik untuk paket data;Positif;;2021-03-13T11:54:47Z
emi hermiati;Terimakasih atas kebijaksanaannya dengan ini siswa tetap bisa belajar tetapi tidak mengabaikan protokol kesehatan  sangat membangun dan perlu adanya kordinasi segala pihak;Positif;;2021-03-13T02:33:45Z
lusti sonata;Terimakasi atas lmformasinya.Dana BOP bisa utk pandemi.;Positif;;2021-03-12T08:06:26Z
Bunayya Azzaki;Terima kasih pa?????????? work hard;Positif;;2021-03-12T02:09:19Z
sumini atmosemito;terima kasih Mas Menteri atas kebijakannya;Positif;;2021-03-11T01:32:43Z
rini sri wuryani;Terima kasih infonya BPK menteri semoga kami selalu semangat untuk memberi yang terbaik pada siswa kami untuk negeri ini semoga pademi bisa teratasi salam sehat untuk saudara2ku semua dari kami keluarga besar SMAN l Grogol Kediri Jatim.;Positif;;2021-03-07T13:11:21Z
ismanto cahmboro;Terima kasih atas kebijakannya pak menteri.;Positif;;2021-03-05T18:04:03Z
taqwa istiqomah;"TERBAEK BWT ISI D"" LOE BANG X,RAKYT SDH CERDAS BUNG!!!!";positif;;2021-03-05T14:39:11Z
Sri Mulyati;Tepat sasaranny seperti apa pak Mentri. Saya puluhan tahun mengajar juga belum bisa mendapatkan apa2.;Positif;;2021-03-03T07:28:32Z
Andreas Wijaya;Sy apresiasi permintaan maaf dan pengakuan kesalahan,sangat jarang mendengar ini dr org pemerintahan...smg membuahkan hasil dari usaha mas mentri...;positif;;2021-03-03T06:48:51Z
Robbi Cahyadi;Support mas Nadiem, tpi tolong untuk biaya sekolah di masa pandemi itu sangat sulit di masa pandemi bayaran jalan terus anak nya ga belajar boros kuota dll;Positif;;2021-03-03T02:33:33Z
Doulie Valo;Sudah semakin bagus, sebagai mentri pendidikan harus menggunakan bahasa Indonesia yg baik dan benar;positif;;2021-03-02T23:13:12Z
Astri Widyastuti;Sistem modul dengan instruksi lengkap itu sudah diterapkan sekolah anak saya (pre school & kindergarten) dan lumayan efektif, krn kita ga terlalu clueless menghadapi materi pembelajaran anak;positif;;2021-03-02T08:31:24Z
MM TV;Siap mendukung, Semoga berjalan lancar, Aamiin;Positif;;2021-02-27T13:48:49Z
Yati Nurhayati;setuju...dikembalikan ke daerah masing-masing sesuai situasi dan kondisinya, dan mengembalikan anak ke sekolah seaman mungkin dengan memikirkan keselamatan, kesehatan...optimalkan PJJ.;Positif;;2021-02-27T11:52:45Z
Ibu Salamah;Setuju skli bp.mentri...kmi bgung jg tdk bertmu ank2..ksulitan mngerjkan tugas skolahnya;Positif;;2021-02-27T10:04:26Z
Hj.uju Herman;Setuju sesuai dg situasi vandemi .kita hrs bisa berhati2 sglnya...;Positif;;2021-02-24T16:47:39Z
Saur Riamauli Sihaloho;Setuju Pak Menteri. Siswa masuk sekolah kalau sudah aman dulu, lebih baik PJJ dioptimalkan dulu. Kesehatan Guru dan anak yang diprioritaskan dulu.;Positif;;2021-02-24T14:05:31Z
Ibau;setuju pak menteri, turun kembali kesekolah harus dalam keadaan aman dan steril, jika keadaan belum aman, program daring dilanjutkan dan berbagi kouta supaya bisa dipercepatkan......;Positif;;2021-02-24T09:24:34Z
Panti Prihatini;Setuju Pak Menteri, demi keamanan anak-anak dan gurunya, perlu dipertimbangkan dengan matang untuk sekolah tatap muka. Semoga covid cepat berlalu dari dunia ini. Salam sehat.;Positif;;2021-02-22T05:13:48Z
pamuji kandat;Setuju Mas Mentri,,,,Kami percaya kebijakan yang diambil KEMENDIKBUD RI merupakan pilihan terbaik dan paling masuk akal dalam situasi PANDEMI seperti ini , terutama dalam melindungi Sekolah , agar terhindar dari klaster baru penyebaran Covid 19 ini      Semoga Manfaat dan Berkah  Aamiin Yaa Robbal 'Alamiin;Positif;;2021-02-21T08:12:13Z
Zaenal Arief Channel;"Setuju mas menteri.. anak kembali ke sekolah seaman mungkin. Daripada nanti menimbulkan masalah baru akibat pandemi ini, kemudian guru yang (maaf) disalahkan, lebih baik PJJ dioptimalkan. Dulu era 90-an ada siaran televisi nasional yang menayangkan pembelajaran. Sekarang juga ada sih, tapi tv kabel berbayar yang tidak semua masyarakat memilikinya. Mungkin Kemdikbud (mas menteri) bisa ""menggandeng"" Mas Wishnutama atau Mas Erick Thohir untuk mewujudkan hal itu, sekalian biar konten siaran tv negara kita berkualitas, nggak melulu sinetron yang isinya pertengkaran, perceraian, pamer harta dll yang tentu akan berpengaruh pada perkembangan karakter. Semoga bermanfaat. Amin.";Positif;;2021-02-21T08:10:34Z
WEI PING;"Setuju dgn pemikiran kita jgn mengharapkan sebuah vaksin utk keadaan sekarang, karena menurut sepengetahuan saya sebuah virus itu tidak akan pernah kita hancurkan, satu contoh gampang virus flu, dan yg terpenting memang skg adalah protokol kesehatan yg harus terus disosialisikan, karena percuma kalo saya sekeluarga sudah mengikuti dan menjalankan protokol kesehatan ttp tetangga saya masih banyak yg tidak care dan ""MENGANGGAP VIRUS INI TIDAK ADA"" dan itu kenyataan yg terjadi di tempat saya tanpa memandang siapa mereka. Marilah kita ikuti protokol kesehatan, dgn kita menjaga diri kita, kita juga menjaga teman dan saudara kita yg lain, mari kita berdoa supaya keadaan ini akan semakin membaik dan saya percaya INDONESIA PASTI BISA. SALAM SEHAT SELALU UNTUK SEMUA SAUDARAKU.";positif;;2021-02-21T06:17:00Z
Nuchan Aritra;Senang lihat Menteri Nadim yg tenang dan lembut...selalu berbicara positive....hehehe..sukses mas menteri....;Positif;;2021-02-20T00:01:21Z
Evangelischta Okta Nahunatta;Semuanya sulit. Karena ini semua masih masa transisi.\n\nTetap semangat untuk pak nadiem.\nSadar atau tidak sadar, bersyukur covid-19 hadir pada saat pak nadiem hadir menjadi menteri. Karena selain passion nya di bidang pendidikan, beliau juga mengerti bagaimana teknologi. ??;positif;;2021-02-19T06:30:54Z
doraemon;semua orang tua pasti take care kesehatan anak tapi ingat gak semua orang tua punya uang take care kesehatan anak kalau terjangkit , jadi pak deddy tidak boleh juga berpikir 1 sisi tanpa melihat kondisi siswa yg kurang mampu. langkah pak menteri pendidikan sudah benar walau segala kebijakan pasti ada kontra.;positif;;2021-02-19T01:30:49Z
JALIL ALAYDRUS;semoga sehat selalu mentri, lakukakn yang terbaik utk negeri. walaupun semua kebijakan penuh dengan pro kontra;Positif;;2021-02-18T12:51:17Z
Sarmadih;Semoga secepatnya bisa teratasi dan terkordinasi dengan baik;Positif;;2021-02-18T06:49:13Z
Gathot Asrianta;Semoga program rencana Mas Mentri bisa berjalan sesuai dengan tujuan awal, sukses dan nemberikan  hal terbaik bagi anak2 didik kita.  Aamiin...;Positif;;2021-02-17T13:49:14Z
Bu Catur;Semoga prioritas anak untuk belajar tatap muka, kesehatan dan keselamatan bisa cepat terwujud, dengan vaksinasi mengurangi resiko terpapar covid.;Positif;;2021-02-14T10:37:37Z
Nanik Suprihatin;Semoga pembelajaran di masa pandemi tetap bisa dijalankan;Positif;;2021-02-14T09:38:08Z
Marcel Mujianto;Semoga pembelajaran di masa pandemi ini tetap bisa dijalankan secara efektif dengan memperhitungkan kondisi sekolah di berbagai daerah.;Positif;;2021-02-14T01:19:12Z
Halimah 19;Semoga pandemi covid - 19.segera berakhir.treimakasih pak Mentri.;Positif;;2021-02-13T11:28:25Z
Dyah Puspandari;semoga keinginan utama untuk kembali tatap muka ke sekolah dapat terwujud..Bpk Mentri semangat dengan program2 nya dan insyaAllah kami sbg guru selalu mendukung ygbterbaik.;Positif;;2021-02-12T20:30:18Z
hilda holila;Semoga dapat belajar se efisien mungkin..terimakasih pk menteri atas kebijakan2 nya.;Positif;;2021-02-12T15:12:48Z
Ciska Riany Sitompul;Semoga Covid cepat berakhir ya. Agar adik2 sekalian merasakan indahnya waktu sekolah. Aamiin;positif;;2021-02-12T08:07:40Z
Selfi Septiani;Semoga berjalan sesuai rencana, tdk ada alasan ntuk tdk membelajarkan  siswanya, untuk ki / kd smk kemaritimannya  dimana...?;Positif;;2021-02-11T15:29:39Z
andika hilman;Semoga Bang Nadiem dengan kecerdasannya bisa bekerja, tahan banting, dan tetap, optimal melaksanakan tanggung jawabnya. Udah, nggak usah diserang kalo nggak perlu.;positif;;2021-02-10T11:57:07Z
Albrina Darenso;Semoga Allah SWT tetap memberkati dengan kesehatan,hikmat dan kebijaksanaan.sehingga sukses terus jadi bagian dalam bidang Pendidikan.maju terus pendidikan Indonesia dan terimakasih buat Bapak Mentri Pendidikan.;Positif;;2021-02-09T15:31:29Z
Dik Rikudo alfaqih;Semangat terus Pak..;Positif;;2021-02-09T02:04:47Z
Kiki Syadeli;Semangat terus pak Nadiem !!;Positif;;2021-02-08T12:11:22Z
Siska Mayasari;Semangat Terus Pak Nadiem;positif;;2021-02-07T20:24:33Z
nandi emdanoy_98;Semangat pak Nadim;positif;;2021-02-07T03:06:25Z
Sarah Nurhikmah;SEMANGAT PAK NADIEM HEBAT!! Allah akan berikan yang terbaik buat pak nadiem dan keluarga “amin”, sehat terus yaa pak nadiem.;positif;;2021-02-06T20:44:09Z
Grecia V Sihombing;Semangat pak Nadiem ??\n\nGod bless;positif;;2021-02-05T07:05:27Z
Nugi Darmawan;Semangat pak nadiem ????;positif;;2021-02-05T05:57:34Z
RATNA INDAH;Semangat Pak Nadiem;Positif;;2021-02-03T17:48:23Z
arie haryadi;semangat Pak Mentri.....;positif;;2021-02-03T00:11:01Z
ardy wiranata;Semangat pak menteri nadiem makarim;positif;;2021-02-02T06:32:29Z
Dany Arkham;semangat mas menteri, doing your best. God bless you.;positif;;2021-02-01T16:49:23Z
Clarissa Orenda;Semangat mas menteri;Positif;;2021-02-01T06:52:51Z
Defrizandres Zandres;Semangat buat pak mentri;positif;;2021-02-01T04:28:26Z
Rina Thx;SEMANGAT  SEHAT TERUS PAK NADIEM..SEMOGA SEMUA BISA DI LEWATI DGN BAIK..;positif;;2021-02-01T04:13:58Z
Indra D. Saputra;Sehat selalu pak menteri, saya percaya sama anda ????;positif;;2021-01-31T05:49:49Z
Oki _____;seenggaknya gw ngerti ni mas menteri ngmng apaan\ngak kyk menteri pada umumnya yg terlalu politis bahasanya;positif;;2021-01-31T05:48:07Z
Ngobrol ringan;Sebagai orang tua baru kali ini sya buka buku anak;positif;;2021-01-30T08:44:24Z
Ririt Meta;Sbagai orang tua saya setuju banget.anak terjaga dirumah lebih aman dari paparan virus.semua demi kebaikan kita bersama.;Positif;;2021-01-29T07:19:20Z
alema premium;Saya yakin pak Nadiem pun bingung. Tp beliau tetap berusaha yg terbaik. Semangat pak Nadiem dan seluruh warga Indonesia...;positif;;2021-01-29T04:14:10Z
Santi Mala;Saya secara pribadi sbg guru sangat mendukung program Bapak menteri yang membuat suatu keputusan yang membuat pendidikan di Indonesia lebih maju dan orientasi pd peserta didik serta bbrp program utk guru yg dapat memotivasi guru hrs belajar dan guru yang update.????;Positif;;2021-01-27T12:54:13Z
NAVARA AFIFA;Saya sangat setuju atas kebijakan pak Menteri semoga kita bisa melalui pandemi covid ini sabar dan ikhlas.;Positif;;2021-01-27T09:13:03Z
Selma Purnama sari;Saya adalah termasuk yg setuju dgn pola pendidikan pk Nadiem.;positif;;2021-01-27T04:08:13Z
Sri Rahyuningsih;Sangat setuju pak Mentri ...sekolah akan di buka kembali setelah situasi aman...dr pd maksa masuk yg Ahirnya akan menimbulkan masalah baru .....jd kami menunggu perintah dr petugas covid klo memang sekolah di buka  kembali ....;Positif;;2021-01-21T15:18:50Z
Mertiana Seda;Sangat setuju pak Menteri dengan beberapa kebijakan yang telah diambil,khususnya berkaitan dengan  proses pembelajaran di masa pandemi ini.;Positif;;2021-01-20T08:30:12Z
Septian Ester tegar Wati laia;Sangat menikmati....sangat bermakna dan smg bermanfaat bagi kita semua. Amin.;Positif;;2021-01-20T06:15:42Z
Laila;"Sangat bersyukur punya menteri pendidikan yang sebegitu pedulinya dengan nasib pendidikan indonesia,memang bebannya berkali"" lebih berat karena dalam kondisi covid yang siapapun tidak punya persiapan untuk menghadapinya...negara kita sudah seharusnya memiliki pemimpin"" yang pemikir dan benar"" merealisasikan ..tidak hanya sekedar bicara tapi aksinya tidak ada..yaa semoga dengan kepemimpinan pak nadim pendidikan kita bisa menjadi jauh lebih baik dari sebelum""nya...sya yakin beliau orang yang cerdas dan pasti akan selalu memikirkan solusi terbaik untuk masa depan generasi muda kita...";Positif;;2021-01-19T04:42:36Z
Nurilah Hanum;Sampai semua siswa di vaksin ya Pak Menteri, agar semua aman\nTetap semangat teman-teman, dari saya Nurilah Hanum SMP Negeri 12 Kota Tangerang Selatan;Positif;;2021-01-17T14:37:01Z
Hyperion;Salut sama Mas Nadiem.\nSemoga mau dan mampu bertahan di pemerintahan.\nKarena saya sedih banget kemarin saat BTP didepak dari pemerintahan.\n\nMudah2an banyak orang yang mau mengsupport terus kinerja beliau.\nMembantu mikirin nasib bangsa, bukan hanya sekedar2 ngamuk2 klo ga dapet proyek;Positif;;2021-01-15T08:45:27Z
Alir Ikhwan Hasibuan;Salam pejuang revolusi pendidikan pak Nadiem .... Gas terus kita ada d belakang;Positif;;2021-01-15T02:57:56Z
AAS AJ;salam dari Malaysia , beruntung indonesia memdapat menteri yang pro aktif.  Moga terus maju .;Positif;;2021-01-13T16:11:01Z
Inayah Bimbingan Konseling;Proud you Mr NAD??..ngga mudah jadi pemimpin lah.. tapi tanpa ada yg mimpin lebih imposible pula ..semangat;Positif;;2021-01-12T23:31:12Z
fatma adam;Prioritas\n1.Bagimana mengembalikan anak kesekolah Seaman mungkin...salut mas mentri??\n2.Kesehatan, tumbuh kembang peserta didik...luar biasa??;Positif;;2021-01-11T18:44:41Z
sumini atmosemito;Prinsip kesehatan dan keselamatan serta tumbuh kembang peserta didik yang utama menjadi kebijakan yang terbaik;Positif;;2021-01-11T12:34:02Z
Wanz Chung;Posisi yang sangat sulit di posisi pak Nadiem.\nSemoga kuat dan menemukan jurus terbaik untuk pendidikan indonesia.;positif;;2021-01-10T13:07:16Z
getas gunawan;Pk nadien kemampuan anda di atas rata2 ... luar biasa;positif;;2021-01-10T01:20:35Z
Nailul Huda;Perubahan itu hal mutlak terjadi, tinggal arahnya mau kemana dan dikemanakan?\nDan semuanya harus Siap dan disiapkan kalau mau sampai tujuan..;positif;;2021-01-09T12:35:40Z
Ira Indiana;Pak Nadiem, sebetulnya anak2 saya sudah bosan PJJ. Tapi kalau harus sekolah tatap muka pada semester depan, masih riskan. Walaupun Bapak mengeluarkan berbagai aturan protokol yg wajib ditaati oleh sekolah, namun siapa yg dapat menjamin akan aman dan patuh pada protokol kesehatan. Sulit Pak. Kita tertib, orang lain belum tentu bisa tertib.;Positif;;2021-01-09T00:15:49Z
Adam Muhamad Dafa;Pak nadiem udh ngelakuin hal yg bener, tetapi masyarakat gak tau sikon didalam wadahnya..;positif;;2021-01-08T14:18:12Z
Rivat Maliqisyah;pak nadiem sepertinya benar' kerja keras;positif;;2021-01-06T07:44:52Z
Rifqi Fadholi;Pak Nadiem semangat harus bisa,saya yakin pak Nadiem;positif;;2021-01-06T03:43:42Z
YU_ BAY;Pak nadiem memang cerdas,  banyak cita cita luhur untuk pendidikan d Indonesia.  namun,  yg sy tangkap adakalanya membentuk pondasi pendidikan d Indonesia yg tetap, kokoh, yg d sesuaikan dgn budaya serta karakter masyrkat yg ada d Indonesia. Lalu sinergikan dulu antra elemen elmen yg berkaitan dgn hal ini , spti organisasi atau komunitas pendidikan yg ada. apa jadinya program keren tpi proses realisasinya tidak efektif,  atau tidak selesai krena terkendala oleh berbagai macam hal.  Pendidikan d Indonesia perlu peningkatan,  kemajuan yg program program ny telah di teliti sedemikian rupa. bkan jd terkesan spt percobaan percobaan yg impeknya tidak merata.  \n\nMemang pendapat ssorang tidak akan pernah sama semua. Baik mnrt sy blm tentu baik mnrt org lain bgtpun sbliknya.  Tpi tidak berpendapat sama sekali lebih buruk dan tidak akan membantu adanya kemajuan.;positif;;2021-01-05T01:42:27Z
Nadia Anf;Pak Nadiem keren banget pemikirannya itu adalah kurikulum impian saya sebagai murid .... Aku dari dulu ngak setuju dengan sistem kurikulum di Indonesia apalagi kurikulum sekarang untuk anak SD seperti hanya belajar menulis aja gara2 tugas mengejar target pertema. Memperkuat pondasi pertama sebelum membangun sebuah rumah yang kokoh.;positif;;2021-01-05T01:08:05Z
Naomi Salim;Pak Nadem cukup bagus diposisinya.;Positif;;2021-01-03T09:34:31Z
MUHAMAD ASEP SAEPUL ANWAR;pak mentri ini dari cara bicaranya bener2 penuh tekanan\nsemangat pak mentri. \nsemoga pandemi ini cepet berakhir ya allah.;positif;;2021-01-02T16:57:03Z
amiruddin sihombing;Pak Mendikbud dan Pak Menkes, progress Vaksin sudah bagaimana? sebaiknya diVaksin dulu siswa dan pengajar untuk mengurangi resiko, mohon dipertimbangkan dgn seksama;Positif;;2021-01-02T03:30:38Z
dikdik setiawan;Pa mentri ini orang cerdas sumpah;Positif;;2021-01-01T01:55:23Z
Nathan Alfathir;Orang hebat cobaan nya selalu berat!;Positif;;2020-12-31T12:18:09Z
Raegrup Gruprae;Nadim Makarim the best ??;positif;;2020-12-31T08:06:58Z
TM7 TV;Nadiem mantap josss;positif;;2020-12-31T03:03:21Z
Catharina Winarti;Nadiem Makarim ok banget sejalan dgn keinginan Presiden membuat semua lapisan masyarakat  bisa ikut pendidikan\nGBU always. \n.;Positif;;2020-12-30T06:09:54Z
TM7 TV;Nadiem makarim jos mantap;positif;;2020-12-29T02:21:24Z
Saadatul Hurriyah;Nadiem Makarim is smart, humble dan penjelasannya mudah dipahami;positif;;2020-12-28T15:24:30Z
AMRAN REZEKI;Nadiem Makarim is a hero for INDONESIA;positif;;2020-12-27T18:32:23Z
Yanuarilda Yoshi;Nadiem Makarim God bless you;positif;;2020-12-26T02:43:22Z
TOKIO;Nadiem keren sih..;positif;;2020-12-25T15:15:14Z
Irfan Ardian;Nadiem keren dan sangat punya dasar atas semua pemikiran/langkah, salut.;positif;;2020-12-24T15:32:22Z
Maryam Gazi;Nadiem keren;positif;;2020-12-22T20:26:16Z
Feby Elsadiora;Nadiem dijadiin mentri pendidikan, trus pandemi. pas banget emang Tuhan mah. Bayangin kalo covid trus mentri pendidikannya gak tech savy ??;Positif;;2020-12-22T17:53:50Z
Levi Acker udin;Mentri paling cerdas selama Indonesia merdeka nadiem makarim ??????;Positif;;2020-12-21T03:00:42Z
Joox Listen;Menteri yang sangat cerdas. I agree with you pak nadiem ??????;positif;;2020-12-18T07:09:26Z
Rosa Panggabean;Menteri favorit sih ini;Positif;;2020-12-16T19:52:27Z
Nurdin Shoful kodariyyah;melakukan yang terbaik buat indonesia, lantas keinginan rakyat ( pembelajar ) kenapa tidak diinginkan;Positif;;2020-12-16T09:38:57Z
Ai Gisella;Mas nadiem keren bangeetttt :);positif;;2020-12-16T06:25:57Z
Alam Sucipto;mari menuju era 4.0 yang masih belum dipahami kaum konservatif.  Saya yakin Pak Nadiem mempunyai rencana besar canggih;positif;;2020-12-16T04:36:13Z
afi s;Manut wae lah sing pnting generasi penerus lebih produktif...;positif;;2020-12-15T16:30:02Z
05-A6-Athallah Naufal R.;Mantap,suka minta maaf dan tidak mudah tersinggung,setidaknya berarti dia mendengar serta menerima kritikan walaupun tidak semua.;Positif;;2020-12-14T16:27:59Z
Duri Hidayahni;Mantap sekali bapak semoga masyarakat bisa menjadi lebih familiar dengan teknologi dan mengembangkan nya. Sukses selalu bapak Nadiem.;Positif;;2020-12-12T16:04:34Z
Berita Terkini;Mantap pak Nadiem;positif;;2020-12-10T23:21:48Z
4 Srikandi;Mantap pak menteri, dari sikap dan jawaban serta solusinya menunjukkan kualitas kedewasaan dan intelektual yg tidak semata-mata mementingkan teknologi semata tapi sisi kemanusiaan serta hubungan sosial dari manusia itu sendiri. Semoga pak menteri selalu sehat. Indonesia butuh pemimpin seperti anda untuk kedepannya. ????????????????;positif;;2020-12-09T07:05:05Z
lukman manaf;mantab bro nadim,anda jelmaan dr habibie sangat cerdas an jenius.....habibie di sektor pendidikan????????????;Positif;;2020-12-06T23:59:05Z
philus arie;Maju terus..pantang mundur Bang Nadiem..??\nBang Dedy..salute..??;positif;;2020-12-06T19:01:41Z
Yayah Supariyah;Maju terus pak menteri jangan mundur sebelum dunia pendidikan be better;Positif;;2020-12-06T11:27:25Z
Darso Sanjaya;Lanjut Pak Nadiem.  Mantap.;positif;;2020-12-06T04:44:24Z
Tian Indrayan;Ketika beliau pertama kali menjadi mentri... sy percaya beliau akan membawa suatu perubahan besar di dunia pendidikan...;positif;;2020-12-04T17:28:54Z
margan1961;Kerennn ???;positif;;2020-12-02T21:13:31Z
Ammar Muhammad Irfansyah;keren ya kemdikbud sekarang, setiap kebijakan baru terdengar jelas ke kuping masyarakat. berkat popularitas dan kemampuan sosialisasiya mendikbud.;Positif;;2020-12-01T09:43:40Z
Salsa Bila;Keren sih pak nadiem;positif;;2020-11-30T06:05:07Z
christopel s;keren pak.. \nsemangat pak nadiem!!\nbiarpun tlg spp dibantu untuk diturunkan di sekolah2 supaya ortu tdk terllu terbebani apalagi ini masa covid.;Positif;;2020-11-29T14:18:37Z
Agung Sanjaya;keren nadiem!;Positif;;2020-11-27T23:53:47Z
Bayu Tegar;Keren mah pak Nadiem. Legowo menerima kritikan. Programnya baik untuku ke depan. Goodjob;Positif;;2020-11-25T06:03:17Z
Adi Manaf;Keren kebijakanya,. Keren juga buat tetangga2 saya yg masih usia sekolah menengah pertama, gara2 sekolah daring hampir semua anak2 usia tersebut rambutnya di panjangin dan penuh warna,. Hebatnya makariem;Positif;;2020-11-24T18:01:02Z
Allena Ong;Keren banget.. Beruntung banget di situasi seperti sekarang, kita punya menteri sehebat Pak Nadiem. Terimakasih Pak Nadiem atas perjuangan yang dilakukan untuk generasi. We believe in you.;Positif;;2020-11-23T15:25:46Z
PP_HARRY PRAMUJA;Kebijakan nya bagus sekali, tetapi mungkin Masalah yang dihadapi kampus swasta yang ribet, tidak ada pemotongan biaya kuliah. Bagaimana pak;positif;;2020-11-23T06:30:43Z
Ya'qub Al Kindi;Kapasitas Pak Nadiem disini keren banget, complex problem solving uda tingkat tinggi dan tetap rendah hati;positif;;2020-11-21T03:55:41Z
Masulah Samsung;Kami siap mendukung semoga semuanya berjalan sesuai harapan;Positif;;2020-11-21T00:54:11Z
wahyu sariwati;Kami siap dukung...pjj ini memang banyak menguras pikiran kita semua...baik guru,siswa dan juga orang tua..;Positif;;2020-11-20T14:26:58Z
Sri Herlina;Kami sangat setuju dengan kebijakan tersebut Mas Mentri.\nJika situasi belum stabil, kami sangat khawatir.\nMudah-mudahan musibah segera berlalu, sehingga kita dapat melaksanakan pembelajaran tatap muka.;Positif;;2020-11-18T02:49:11Z
Betha Anggraini;Kami sangat senang dengan adanya program guru belajar seri masa pandemi covid 19 ini.Karena sangat membantu kami untuk  mendapat wawasan dan berbagi inovasi untuk melaksanakan pembelajaran dimasa yang suli dan penuh tantangan ini.;Positif;;2020-11-16T12:05:35Z
Oos Kosim;Kami para pelaksana pendidikan di lapangan Berdoa, mendukung  dan berusaha untuk proses pelaksanaan KBM sekolah bisa berjalan secara normal lagi....\nSemoga semua harapan kita bisa terwujud tahun depan (2021)\nSemangat pa mentri .....;Positif;;2020-11-14T14:24:18Z
Rosia Candra;Kami keluarga besar SMA NEGERI 17 KAB TANGERANG , provinsi Banten , siap mendukung program pak menteri.;Positif;;2020-11-13T17:18:13Z
Sarah Nurhikmah;jangan salahin kemendikbud dlu sblm ada pandemi emg bljr kita udh maksimal? \nkita bisa belajar dimana saja tergantung kitanya aja gimana mau nerima pelajaran itu atau tidak. \nPAK NADIEM HEBAT SAYA YANG TIDAK MAKSIMAL BELAJARNYA JADI SAYA TIDAK ADA HAK UNTUK MENUDUH PAK NADIEM TIDAK BENAR DALAM MENJALANKAN TUGASNYA.;positif;;2020-11-12T04:25:59Z
hilmi ijlal;Jan banyak ngeluh aja, banyakin bersyukur dan jalanin hidup lu dengan kreatif dan happy di masa seperti ini, gw yakin pemerintah pun sudah melakukan yang terbaik buat pendidikan di negeri ini:) dan buat pak Nadiem sehat selalu pak dan terus semangat:);positif;;2020-11-07T09:01:04Z
Parulian Budi Mulia;Itulah tantangan pemimpin yg sebenarnya,saya tahu itu sulit,tapi saya percaya bahwa pemerintah Indonesia dan para menteri nya di tantang oleh hal ini.Semangat Indonesia !!????;Positif;;2020-11-05T14:35:33Z
Bayu santos94;"Is the best ..nadiem makarim muga sukses trobosan nya bagi anak""bangsa";Positif;;2020-11-04T12:38:15Z
gudel sondack;INDONESIA butuh orang pintar yang sedikit gila.. Semangat pak Nadiem..;positif;;2020-11-04T05:04:21Z
amanda primiasih;I'm grateful, you are my minister of education;positif;;2020-11-03T23:28:22Z
Reza Arsenal;I,m proud your work hard sir;positif;;2020-11-03T23:24:00Z
Bil Bil;I love this man ??;positif;;2020-11-03T02:24:06Z
Marnetti Yuniengsih B;I like this topic you are the best Mr. Menteri and also Daddy. all on your statement the best;Positif;;2020-11-02T14:30:00Z
aink.publik;I believe Mr Nadiem untuk mereformasi dunia pendidikan yg selama ini MONOTON dan tidak berkembang;positif;;2020-11-01T12:20:23Z
Miru See;I applaud your vision and passion, Mas Menteri! Your heart is at the right place, thinking the best for our future gnerations, not being distracted with the politics looming over it. You will do a lot! Nay sayers will always be there, the road might not be easy, but you are showing the example of true leadership is all about, embracing the constructive criticism, standing in front of adversity against all odds and pushing through the best fight for greater good of people!;positif;;2020-10-31T11:45:13Z
Helfizon Ibrahim;Helfizon sma labschool kebayoran bergabung ,....semoga kesehatan siswa dan guru terjaga dan dana sertifikasi bisa menjadikan guru bisa menjadi lebih kreatif dan makin cerdas ..\n\nmoga jadwal dana serti lebih jelas dan terjadwal sehingga tepat sadaran dabn bisa digunakan maksimal;Positif;;2020-10-31T02:29:09Z
Novianto 99;Hanya disini kita melihat keterbukaan menteri hehe mantap nih;positif;;2020-10-31T00:05:56Z
johan han;Gua setuju dengan visi misi nadiem buat indonesia .... masih banyak yg kontra dengan beliau krna belum terbiasa , semua masih tergantung dengan pendidikan yg lampau;positif;;2020-10-27T09:12:09Z
Dwi Wicaksono;Gua pribadi sih respect sama pak mentri mendikbud, banyak yg protes ini itulah apa. Mahasiswa ini itu semua demo. Bro this for INDONESIA, coba pikir jernih berap persen menteri yg mengakui kesalahannya? Ada berapa menteri yg berani jujur depan publik. Respect buat pak menteri. Terus lakukan yg terbaik demi putra/putri bangsa;Positif;;2020-10-27T04:12:37Z
Rizky Wicaksono Putro;Good job ??;positif;;2020-10-26T12:42:20Z
Roffy pex;good bless nadiemmmm;positif;;2020-10-26T10:05:15Z
Fera Yunita;Fera Yunita setuju mas mentri...anak kembali ke sekolah seaman munkin;Positif;;2020-10-26T04:37:55Z
Marya Irawan;dunia pendidikan di Indonesia sejak dari dulu dibangun secara feodal, keagamaan, dari dulu tidak ada yang berani merubah sistem krna takut tidak disukai dll. sebuah tugas dan tanggung jawab yg cukup berat, well Menteri Nadiem selamat berjuang, kami dukung demi Indonesia maju.;positif;;2020-10-24T08:49:44Z
Bookiner YK;Di luar kontroversi dan polemik sy suka denger pak kariem ngomong. Cerdas dan berisi. Kliatan mana yg cerdas beneran mana yg trying to hard to look smart;positif;;2020-10-21T19:40:52Z
FISIKA LOGIKA;Di era teknologi digital seperti saat ini, PJJ tidak lagi menjadi masalah. Pokok masalah pada saat ini adalah pemaksaan siswa SD harus menggunakan sinyal internet dengan alat yang canggih. \nMelihat keadaan yg tdk memungkinkan utk tatap muka maka seharusnya pemerintah membuat video interaktif melalui media VCD yg bisa diputar setiap saat tanpa jaringan internet. Dan, hampir setiap rumah masih ada perangkat yang bisa memutar VCD. \nJangan sampai karena terkendala alat para siswa kehilangan hak belajar;Positif;;2020-10-21T05:25:01Z
Muhammad Rangga;demen banget liat dari gaya kepemimpinan nya mas menteri;positif;;2020-10-15T12:23:59Z
Orang Ganteng;Daring no problem , tp tugas jgn gilaaaaaa .. and siswa pun kebanyakan tugas cuma minta temen , ngerti kagak sumpah;positif;;2020-10-15T03:24:25Z
Rudi Prasetyo;Dan ternyata,  ketika org pemerintahan sangat hati hati dalam membuat kebijakan,  sangat memperhatikan kesehatan  masyarakat khususnya para siswa,  dan sangat hati hati saat hendak membuka sekolah, ternyata siswa d rumah bermain bersama teman temanya tanpa protokol kesehatan sama sekali,  berkumpul,  tanpa masker,  tanpa cuci tangan,  bermain kesana kemari. Padahal daerah tsb termasuk zona merah! \n\nJadi menurut saya,  akan lebih baik sekolah segera d buka, dg segala protokol kesehatannya daripada membiarkan para siswa di rumah saja yg mana akan lebih berbahaya karna anak anak d rumahpun mereka  lebih banyak bermain, berkumpul,  tanpa masker, jarang cuci tangan. \n\nJika mereka d sekolah,  paling tidak ada guru yg selalu mengingatkan untuk melaksanakan protokol kesehatan kpd para siswa dan bisa melanjutkan pembelajaran pula. Daripada d rumah yg belum tentu para siswa melakukan protokol kesehatan d setiap aktifitas mereka. \n\nNamun,  bagi org tua yg tidak mengizinkan anaknya untuk masuk sekolah,  dan siap menjaga anaknya dirumah. Maka bisa d berikan hak kpd mereka unt tidak masuk sekolah. \n\nCoba mas nadiem cek d kampung2. Anak anak itu bermain tidak?  Berkumpul tidak?  Pakai masker tidak? Sering cuci tangan tidak?  Jaga jarak tidak?  Jika banyak anak d kampung yg tidak menggunakan protokol kesehatan dlm berbagai aktifitas mereka,  lebih baik sekolah d buka saja.  Karna d rumah, pengawasan dari org tua sangat kurang,  dan kebanyakan org tua d kampung itu cuek dg covid,  gak peduli. \n\nKlo azka anaknya om dedi mau main aja susah cari temen, karna covid, sini nih,  ke jawa timur,  semua anak main spt biasa tanpa ada rasa waswas akan covid. \nJangan takut bermain dg teman hanya karna covid ini.  Karna hal yg lebih berbahaya dari covidpun sangat banyak.;positif;;2020-10-14T23:08:52Z
ALIF DAN KANAYA;dan dampak terpendamnya lagi adalah guru2 menjadi melek teknologi. terus belajar dan belajar....;Positif;;2020-10-14T05:37:14Z
Ega satria prayoga;Dah permanen kan aja belajar online ini entar pendidikan indonesia bakal naik sekelas finlandia \nKurang apalagi speed internet 10x lebih kenceng dari wifi nasa,biaya murah,sarana dan prasarana sangat memadai kurang apa lagi..?\nSekali kali buat akun medsos dong pak biar kami bisa salam sapa??;Positif;;2020-10-13T04:34:28Z
Dian Perwita;cuma mau doakan pak Nadim semoga sehat selalu dan sabar karena yang komplain PJJ itu ibu2 seperti saya. semoga semua cepat normal kembali.;Positif;;2020-10-12T14:10:46Z
doraemon;Covid ini tidak hanya di indonesia, sekolah di liburkan dan belajar online pun ada terjadi di negara lain. dan semua orang merasakan ketidaknyamanan ini, orang yg berpikir sempit selalu mengatakan dan melihat sebuah kesalahan tanpa memberi solusi. kalau tunggu ada anak sekolah kena covid baru di liburkan ibarat tunggu ada korban baru bertindak. langkah pemerintah ini juga ada sisi positif kalau di liat dari sudut kesehatan buat anak2. hambatan yg terjadi skrg itu pasti ada, semua pasti ada rintangan jadi kita harus mengerti keadaan. semoga covid cepat berlalu agar anak2 bisa bersekolah normal kembali. kesehatan anak2 lebih utama bandingkan segalanya. tetap save ya. karna covid ini sudah byk makan korban jiwa.;positif;;2020-10-11T07:50:52Z
????? ????????;boleh nadiem jadi menteri pendidikan periode ke2;Positif;;2020-10-11T05:09:19Z
KOI UNGARA;Bisa belajar dengan baik di Masa pandemi;Positif;;2020-10-11T04:59:30Z
Nurul Widitanti;Binar matanya semangat sekali saat menjelaskan tentang yang ingin dia lakukan untuk anak2 indonesia\nSalut;positif;;2020-10-11T04:31:54Z
sumini atmosemito;betu Mas Menteri TVRI sekarang sangat menarik dan menyesuakan kebutuhan peserta didik bahkan acaranya mampu membidik   berbagai lapisan penontonya untuk lebih mengenal berbagai budaya di negeri ini;Positif;;2020-10-10T11:06:09Z
Andre Vega;Betapa bersahaja nya mentri kita satu ini, lanjutkan pak nadiem, demi pendidikan generasi baru bangsa kita yg mulai amburadul..;Positif;;2020-10-10T11:01:57Z
yevanna;bersyukur loh disaat pandemi ini pak Nadiem yang menjabat, meski pusing sama pelajaran tapi dia masih nemu solusi yg tengah2, kerasa banget di aku sebagai belajar.  coba kalau skrg terus yg ngejabat bukan pak Nadiem, ancur2an kita. yuk para pelajar yg masih bisa belajar online, masih punya hp dan kuota, kurang2i mengeluhnya ya..;Positif;;2020-10-09T17:25:47Z
kulo Anom;Bersatu untuk support yg bisa kerja kerja kerja;Positif;;2020-10-08T18:35:25Z
Ramdhan Sucipto Surahman;bener sih ya kalo udha kaya gini tuh gabisa cuma 1 pihak aja yg bergerak, harus bersatu sih bener banget;positif;;2020-10-08T05:36:19Z
Binangkit Puspa;Bener paaaakkk;positif;;2020-10-08T04:35:53Z
Riolan Sinantra;Baru diangkat jadi mentri tapi dia disulitkan dengan keadaan...itu harap dimaklumi. Menurutku keputusan yang udh di ambil skrg udh pas, cuman yang tidak pas itu penempatan kepada rakyat +62 yg super bar bar wkwkw..so, jangan salahin mentrinya ya hehe... Salut sama beliau. Sehat terus pak nadiem ?;positif;;2020-10-07T16:38:01Z
utomo zhafari;Banyak orang bahkan orang pintar menghujat keputusan2x mas Nadiem tapi tdk pernah beraudensi dan minta klarifikasi. Posisi Nadiem saat ini berada di jalur trak yg licin, kecepatan tinggi, dgn segala keterbatasan dana dll, dan sangat berbahaya. Nadiem adalah tipe pemikir, problem solver, dan memiliki visi mengejar dan mencapai target yg diharapkan. Dia memiliki wawasan yg luas, bergaul di dunia Internasional unt menyerap pengalaman bangsa lain. Sehat selalu mas Nadiem, Insya Allah diberkati Tuhan, tetap kuat dan semangat. Jgn dipendam di hati kata2x kasar banyak orang yg tdk berbuat dan bisanya hanya menghujat.;positif;;2020-10-07T06:41:23Z
Mochammad Juniardi;BANGKE, menteri sepinter ini kok masih aja dihujat!!!;positif;;2020-10-06T15:21:22Z
gede widane;Bahkan dimasa pandemi seperti ini Mr Nadiem, Masi tetep berkerja keras buat mengatasi masalah pendidikan Indonesia, ya walau Masi banyak yg menghujat, tapi Mr Nadiem is the best pokoknya????;Positif;;2020-10-06T14:30:10Z
Ikin Asikin;Bagus sekali program- programnya pak. Semoga secepatnya segera terrealisasi dan dapat dirasakan sampai ketingkat bawah????????;Positif;;2020-10-06T05:48:14Z
TANGO YONO;bagus seekali mas menteri dengan program ini, saya sangat mendukung  dengan kebijakan yang diambil, kesehatan adalah faktor penting yang harus diperhatikan, apalagi untuk tatap muka harus benar-benar aman sesuai dengan arahan ketua gugus di daerah, kepala sekolah, dan komite sekolah.;Positif;;2020-10-05T02:32:34Z
Fata apriyani;Bagus Mas menteri;Positif;;2020-10-04T23:44:56Z
Yoga Suta;Ayo mas mentri, smngatt;positif;;2020-10-04T20:35:54Z
fatmawati mustofa;Assalamualaikum. Smoga pak mentri sehat slalu. Kami berharap dimasa pandemi ini ada kebijakan yg trbaik bagi guru non pns sehubungan dgn tpp yg bs diterimakan dgn ktentuan yg lebih mudah. Trimakasih. Wassalamualaikum;Positif;;2020-10-04T04:32:45Z
Derashya Eza incu;Assalamu'alaikum warahmatullahi wabarakaatuh.\nBapak Mentri yang terhormat.\n\nApa yang Bapak sampaikan.\nSangat padat,dan mudah di pahami.\n\nTerima kasih banyak atas penjelasannya.\n\nSemoga Bapak Menrri yang terhormat beserta jajarannya.\nDalam lindungan Allah yang maha sempurna.\n\nTeddy Setiawan.;Positif;;2020-10-03T09:04:41Z
Dormauli Aisyah LR;Assalam walaikum sukses pa dimasa pandemi ini pembelajaran Daring jadi bisa tau PJJ jadi bisa. sehat ya pa semua keluarga amin YR\nSukses Buat Bapa MENDIKBUD;Positif;;2020-10-03T08:23:34Z
Ali Maksum;Apik2.;Positif;;2020-10-03T07:59:06Z
Catatan Kuliah;Apapun kebijakan pemerintah akan kami dukung. Kami turut mencerdaskan anak bangsa. ??;Positif;;2020-10-03T02:30:11Z
Nora Hutabarat;Anak saya tetap daring belajar seperti biasa dari hari senin smpai jumat ssuai jam belajar pd saat masuk sekolah spt dulu tdk ada yg berubah ttp mata pelajaran ganti2 ssuai jam dan ada istirahat jadi tdk ada yg berubah cm tdk tatap muka saja mlalui zoom tp ttp saja belajar spt biasa, cm anaka saya yg gak kedokteran blm bs ujian osce karena hrs langsung tdk bs mlaui teori dan ujian dirumah saya mendukung pjj drpd kena corona soalnta kel kami sdh ada bbrp yg kena covid makasih??;positif;;2020-10-02T14:46:54Z
dewi afnan;alhmdulilah, smga skolah bisa segera kmbali di buka dan para guru dan siswa dpat bertatap muka dgn aman.;Positif;;2020-10-02T09:14:56Z
Heppy Heppy;Alhamdulillah...\nKebijakan di tengah pandemi, mudah-mudahan bisa dipatuhi oleh instansi terkait, terutama fokus pada kesehatan & keselamatan anak didik,guru & keluarga.\nBagaimanapun semua harus sesuai prosedur/ SOP yg telah ditentukan.\nTetap semangat untuk mencerdaskan anak bangsa, namun jangan lengah...tetap patuhi protokol kesehatan sering cuci tangan pakai sabun,bermasker & tetap jaga jarak dimanapun berada.\nMudah-mudahan pandemi ini segera berakhir...\nAamiin...;Positif;;2020-10-02T04:25:49Z
Ratna Farida;Alhamdulillah, terima kasih mas menteri, semoga ini menjadi power bagi bapak/ibu guru untuk terus semangat dalam mengemban amanah sebagai pendidik dan mampu menciptakan inovasi ditengah pandemi??;Positif;;2020-10-02T02:43:30Z
Sabina Isra Miranda;Alhamdulillah terima kasih penjelasannya pak mentri;Positif;;2020-10-02T02:34:38Z
Rabiatul Adwiah;Alahamdulillah, tabarakallah semoga kita semua terhinadar dari wabah ini, insya Allah kami sebagai orang tua murid sangat terbantu dengan adanya kelanjutan pembelajaran cara seperti ini karna kami sangat takut di karnakan anak_anak kami di masa pandemi seperti sekarang ini, semoga wabah ini cepat berlalu amiin.;Positif;;2020-10-02T00:41:18Z
Zulfa Mayada'una Maghfiroh;Aku cuma mau curhat. Aku baru kelas 1 SMA, dari sekian guruku cuma guru PKN yang nerapin kurikulum darurat covid-19, jadi 1 semester cuma 2 bab. Love you bu??;positif;;2020-10-01T08:31:08Z
